-- phpMyAdmin SQL Dump
-- version 4.0.4
-- http://www.phpmyadmin.net
--
-- Host: localhost
-- Generation Time: Jun 16, 2014 at 12:33 AM
-- Server version: 5.6.12-log
-- PHP Version: 5.4.16

SET SQL_MODE = "NO_AUTO_VALUE_ON_ZERO";
SET time_zone = "+00:00";


/*!40101 SET @OLD_CHARACTER_SET_CLIENT=@@CHARACTER_SET_CLIENT */;
/*!40101 SET @OLD_CHARACTER_SET_RESULTS=@@CHARACTER_SET_RESULTS */;
/*!40101 SET @OLD_COLLATION_CONNECTION=@@COLLATION_CONNECTION */;
/*!40101 SET NAMES utf8 */;

--
-- Database: `evalmetrics`
--
CREATE DATABASE IF NOT EXISTS `evalmetrics` DEFAULT CHARACTER SET utf8 COLLATE utf8_general_ci;
USE `evalmetrics`;

-- --------------------------------------------------------

--
-- Table structure for table `administrateur`
--

CREATE TABLE IF NOT EXISTS `administrateur` (
  `id` bigint(20) NOT NULL AUTO_INCREMENT,
  `login` varchar(255) DEFAULT NULL,
  `password` varchar(255) DEFAULT NULL,
  `statut` varchar(255) DEFAULT NULL,
  PRIMARY KEY (`id`)
) ENGINE=InnoDB  DEFAULT CHARSET=latin1 AUTO_INCREMENT=2 ;

--
-- Dumping data for table `administrateur`
--

INSERT INTO `administrateur` (`id`, `login`, `password`, `statut`) VALUES
(1, 'test', 'test', 'admin');

-- --------------------------------------------------------

--
-- Table structure for table `caracteristiques`
--

CREATE TABLE IF NOT EXISTS `caracteristiques` (
  `Id` bigint(20) NOT NULL,
  `Fonctionnalite` double DEFAULT NULL,
  `Performance` double DEFAULT NULL,
  `Compatibilite` double DEFAULT NULL,
  `Reliabilite` double DEFAULT NULL,
  `Securite` double DEFAULT NULL,
  `Maintenabilite` double DEFAULT NULL,
  `Portabilite` double DEFAULT NULL,
  `Usabilite` double DEFAULT NULL,
  PRIMARY KEY (`Id`)
) ENGINE=InnoDB DEFAULT CHARSET=latin1;

--
-- Dumping data for table `caracteristiques`
--

INSERT INTO `caracteristiques` (`Id`, `Fonctionnalite`, `Performance`, `Compatibilite` , `Reliabilite` , `Securite` , `Maintenabilite` , `Portabilite`,  `Usabilite`) VALUES
(1, 2, 2, 2, 2, 2, 2,2 ,2),
(2, 1, 1, 1, 1, 1, 1, 1,1),
(3, 1, 1, 1, 1, 1, 1,1,1),
(4, 2, 5, 1, 8, 6, 9, 9, 9),
(5, 1, 1, 1, 1, 1, 1,1, 1),
(6, 1, 1, 1, 1, 1, 1,1,1),
(7, 1, 1, 1, 1, 1, 1,1,1),
(8, 1, 1, 1, 1, 1, 1,1,1),
(9, 1, 1, 1, 1, 1, 1,1,1),
(10, 1, 1, 1, 1, 1, 1,1,1),
(11, 1, 1, 1, 1, 1, 1,1,1),
(12, 1, 1, 1, 1, 1, 1,1,1),
(13, 1, 1, 1, 1, 1, 1,1,1),
(14, 1, 1, 1, 1, 1, 1,1,1),
(15, 1, 1, 1, 1, 1, 1,1,1),
(16, 1, 1, 1, 1, 1, 1,1,1),
(17, 1, 1, 1, 1, 1, 1,1,1),
(18, 1, 1, 1, 1, 1, 1,1,1),
(19, 1, 1, 1, 1, 1, 1,1,1),
(20, 1, 1, 1, 1, 1, 1,1,1),
(21, 1, 1, 1, 1, 1, 1,1,1),
(22, 1, 1, 1, 1, 1, 1,1,1),
(23, 1, 1, 1, 1, 1, 1,1,1),
(24, 1, 1, 1, 1, 1, 1,1,1),
(25, 1, 1, 1, 1, 1, 1,1,1),
(26, 1, 1, 1, 1, 1, 1,1,1),
(27, 1, 1, 1, 1, 1, 1,1,1),
(28, 1, 1, 1, 1, 1, 1,1,1),
(29, 1, 1, 1, 1, 1, 1,1,1),
(30, 1, 1, 1, 1, 1, 1,1,1),
(31, 1, 1, 1, 1, 1, 1,1,1),
(32, 1, 1, 1, 1, 1, 1,1,1),
(33, 1, 1, 1, 1, 1, 1,1,1),
(34, 1, 1, 1, 1, 1, 1,1,1),
(35, 1, 1, 1, 1, 1, 1,1,1),
(36, 1, 1, 1, 1, 1, 1,1,1),
(37, 1, 1, 1, 1, 1, 1,1,1),
(38, 1, 1, 1, 1, 1, 1,1,1),
(39, 1, 1, 1, 1, 1, 1,1,1),
(40, 1, 1, 1, 1, 1, 1,1,1),
(41, 1, 1, 1, 1, 1, 1,1,1),
(42, 1, 1, 1, 1, 1, 1,1,1),
(43, 1, 1, 1, 1, 1, 1,1,1),
(44, 1, 1, 1, 1, 1, 1,1,1),
(45, 1, 1, 1, 1, 1, 1,1,1),
(46, 1, 1, 1, 1, 1, 1,1,1),
(47, 1, 1, 1, 1, 1, 1,1,1),
(48, 1, 1, 1, 1, 1, 1,1,1),
(49, 1, 1, 1, 1, 1, 1,1,1),
(50, 1, 1, 1, 1, 1, 1,1,1),
(51, 1, 1, 1, 1, 1, 1,1,1),
(52, 1, 1, 1, 1, 1, 1,1,1),
(53, 1, 1, 1, 1, 1, 1,1,1),
(54, 1, 1, 1, 1, 1, 1,1,1),
(55, 1, 1, 1, 1, 1, 1,1,1),
(56, 1, 1, 1, 1, 1, 1,1,1),
(57, 1, 1, 1, 1, 1, 1,1,1),
(58, 1, 1, 1, 1, 1, 1,1,1),
(59, 1, 1, 1, 1, 1, 1,1,1),
(60, 1, 1, 1, 1, 1, 1,1,1),
(61, 1, 1, 1, 1, 1, 1,1,1),
(62, 1, 1, 1, 1, 1, 1,1,1),
(63, 1, 1, 1, 1, 1, 1,1,1),
(64, 1, 1, 1, 1, 1, 1,1,1),
(65, 1, 1, 1, 1, 1, 1,1,1),
(66, 1, 1, 1, 1, 1, 1,1,1),
(67, 1, 1, 1, 1, 1, 1,1,1),
(68, 1, 1, 1, 1, 1, 1,1,1),
(69, 1, 1, 1, 1, 1, 1,1,1),
(70, 1, 1, 1, 1, 1, 1,1,1),
(71, 1, 1, 1, 1, 1, 1,1,1),
(72, 1, 1, 1, 1, 1, 1,1,1),
(73, 1, 1, 1, 1, 1, 1,1,1),
(74, 1, 1, 1, 1, 1, 1,1,1),
(75, 1, 1, 1, 1, 1, 1,1,1),
(76, 1, 1, 1, 1, 1, 1,1,1),
(77, 1, 1, 1, 1, 1, 1,1,1),
(78, 1, 1, 1, 1, 1, 1,1,1),
(79, 1, 1, 1, 1, 1, 1,1,1),
(80, 1, 1, 1, 1, 1, 1,1,1),
(81, 1, 1, 1, 1, 1, 1,1,1),
(82, 1, 1, 1, 1, 1, 1,1,1),
(83, 1, 1, 1, 1, 1, 1,1,1),
(84, 1, 1, 1, 1, 1, 1,1,1),
(85, 1, 1, 1, 1, 1, 1,1,1),
(86, 1, 1, 1, 1, 1, 1,1,1),
(87, 1, 1, 1, 1, 1, 1,1,1),
(88, 1, 1, 1, 1, 1, 1,1,1),
(89, 1, 1, 1, 1, 1, 1,1,1),
(90, 1, 1, 1, 1, 1, 1,1,1);

-- --------------------------------------------------------

--
-- Table structure for table `classeresult`
--

CREATE TABLE IF NOT EXISTS `classeresult` (
  `id` bigint(20) NOT NULL AUTO_INCREMENT,
  `D` double DEFAULT NULL,
  `idtest` int(11) DEFAULT NULL,
  `date` datetime DEFAULT NULL,
  `classename` varchar(255) DEFAULT NULL,
  `WMC` double DEFAULT NULL,
  `CA` double DEFAULT NULL,
  `CE` double DEFAULT NULL,
  `instab` double DEFAULT NULL,
  `DIT` double DEFAULT NULL,
  `NOM` int(11) DEFAULT NULL,
  `idProjet` bigint(20) DEFAULT NULL,
  PRIMARY KEY (`id`)
) ENGINE=InnoDB  DEFAULT CHARSET=latin1 AUTO_INCREMENT=205 ;

--
-- Dumping data for table `classeresult`
--

INSERT INTO `classeresult` (`id`, `D`, `idtest`, `date`, `classename`, `WMC`, `CA`, `CE`, `instab`, `DIT`, `NOM`, `idProjet`) VALUES
(69, -0.75, 12, '2014-06-12 20:40:06', 'bla.test.D', 8, 0, 3, 0, 1, 1, 89),
(72, -0.25, 12, '2014-06-11 17:02:34', 'test.metric.fol2.C', 7, 1, 1, 0.5, 2, 1, 89),
(98, -0.75, 12, '2014-06-11 17:02:34', 'test.metric.fol1.A', 40, 0, 0, 0, 4, 2, 89),
(99, 0.25, 12, '2014-06-11 17:02:34', 'test.metric.fol1.B', 6, 2, 0, 1, 3, 1, 89),
(104, -0.75, 10, '2014-06-12 20:40:06', 'bla.sww.D', 50, 0, 3, 5, 1, 1, 89),
(107, -0.75, 10, '2014-06-12 20:40:06', 'bla.test.D', 8, 0, 3, 0, 1, 1, 89),
(108, -0.75, 10, '2014-06-12 20:40:06', 'bla.test.D', 8, 0, 3, 0, 1, 1, 89),
(109, -0.75, 10, '2014-06-12 20:40:06', 'asdd', 8, 0, 3, 0, 1, 47, 89),
(110, -0.75, 10, '2014-06-12 20:40:06', 'kk.dfg.e', 8, 0, 3, 0, 1, 1, 89),
(111, -0.75, 10, '2014-06-12 20:40:06', 'bla.deux.ha', 8, 0, 3, 25, 1, 23, 89),
(112, -0.75, 10, '2014-06-12 20:40:06', 'bla.tesssst', 12, 0, 3, 1, 1, 1, 89),
(113, -0.75, 10, '2014-06-12 20:40:06', 'bla.aW.as', 8, 0, 3, 0, 1, 77, 89),
(114, -0.75, 10, '2014-06-12 20:40:06', 'bla.test.D', 344, 0, 3, 0, 1, 122, 89),
(115, -0.75, 10, '2014-06-12 20:40:06', 'bla.test.D', 8, 0, 3, 0, 1, 1, 89),
(116, -0.75, 10, '2014-06-12 20:40:06', 'bla.test.D', 8, 0, 3, 12, 1, 1, 89),
(117, -0.75, 10, '2014-06-12 20:40:06', 'bla.test.D', 8, 0, 3, 0, 1, 12, 89),
(118, -0.75, 10, '2014-06-12 20:40:06', 'bla.dsf.D', 100, 0, 3, 0, 1, 1, 89),
(119, -0.75, 10, '2014-06-12 20:40:06', 'x.y.z', 8, 12, 10, 32, 1, 1, 89),
(120, -0.75, 13, '2014-06-13 20:21:30', 'bla.test.D', 8, 0, 2, 0, 1, 1, 89),
(121, -0.75, 13, '2014-06-13 20:21:31', 'test.metric.fol1.A', 10, 0, 0, 0, 4, 2, 89),
(122, 0.25, 13, '2014-06-13 20:21:32', 'test.metric.fol1.B', 6, 2, 0, 1, 3, 1, 89),
(123, -0.25, 13, '2014-06-13 20:21:32', 'test.metric.fol2.C', 7, 1, 1, 0.5, 2, 1, 89),
(124, -0.75, 14, '2014-06-13 20:31:27', 'bla.test.D', 8, 0, 2, 0, 1, 1, 89),
(125, -0.75, 14, '2014-06-13 20:31:27', 'test.metric.fol1.A', 10, 0, 0, 0, 4, 2, 89),
(126, 0.25, 14, '2014-06-13 20:31:27', 'test.metric.fol1.B', 6, 2, 0, 1, 3, 1, 89),
(127, -0.25, 14, '2014-06-13 20:31:27', 'test.metric.fol2.C', 7, 1, 1, 0.5, 2, 1, 89),
(128, -0.75, 15, '2014-06-13 20:34:39', 'bla.test.D', 8, 0, 2, 0, 1, 1, 89),
(129, -0.75, 15, '2014-06-13 20:34:39', 'test.metric.fol1.A', 10, 0, 0, 0, 4, 2, 89),
(130, 0.25, 15, '2014-06-13 20:34:39', 'test.metric.fol1.B', 6, 2, 0, 1, 3, 1, 89),
(131, -0.25, 15, '2014-06-13 20:34:39', 'test.metric.fol2.C', 7, 1, 1, 0.5, 2, 1, 89),
(132, -0.75, 16, '2014-06-13 20:38:02', 'bla.test.D', 8, 0, 2, 0, 1, 1, 89),
(133, -0.75, 16, '2014-06-13 20:38:02', 'test.metric.fol1.A', 10, 0, 0, 0, 4, 2, 89),
(134, 0.25, 16, '2014-06-13 20:38:02', 'test.metric.fol1.B', 6, 2, 0, 1, 3, 1, 89),
(135, -0.25, 16, '2014-06-13 20:38:02', 'test.metric.fol2.C', 7, 1, 1, 0.5, 2, 1, 89),
(136, -0.75, 17, '2014-06-13 20:43:11', 'bla.test.D', 8, 0, 2, 0, 1, 1, 89),
(137, -0.75, 17, '2014-06-13 20:43:11', 'test.metric.fol1.A', 10, 0, 0, 0, 4, 2, 89),
(138, 0.25, 17, '2014-06-13 20:43:11', 'test.metric.fol1.B', 6, 2, 0, 1, 3, 1, 89),
(139, -0.25, 17, '2014-06-13 20:43:11', 'test.metric.fol2.C', 7, 1, 1, 0.5, 2, 1, 89),
(140, -0.75, 18, '2014-06-13 20:46:30', 'bla.test.D', 8, 0, 2, 0, 1, 1, 89),
(141, -0.75, 18, '2014-06-13 20:46:31', 'test.metric.fol1.A', 10, 0, 0, 0, 4, 2, 89),
(142, 0.25, 18, '2014-06-13 20:46:31', 'test.metric.fol1.B', 6, 2, 0, 1, 3, 1, 89),
(143, -0.25, 18, '2014-06-13 20:46:31', 'test.metric.fol2.C', 7, 1, 1, 0.5, 2, 1, 89),
(144, -0.75, 19, '2014-06-13 20:59:00', 'bla.test.D', 8, 0, 2, 0, 1, 1, 89),
(145, -0.75, 19, '2014-06-13 20:59:00', 'test.metric.fol1.A', 12, 0, 0, 0, 4, 4, 89),
(146, 0.25, 19, '2014-06-13 20:59:00', 'test.metric.fol1.B', 6, 2, 0, 1, 3, 1, 89),
(147, -0.25, 19, '2014-06-13 20:59:00', 'test.metric.fol2.C', 7, 1, 1, 0.5, 2, 1, 89),
(148, -0.75, 20, '2014-06-13 21:09:36', 'bla.test.D', 8, 0, 2, 0, 1, 1, 89),
(149, -0.75, 20, '2014-06-13 21:09:36', 'test.metric.fol1.A', 12, 0, 0, 0, 4, 4, 89),
(150, 0.25, 20, '2014-06-13 21:09:36', 'test.metric.fol1.B', 6, 2, 0, 1, 3, 1, 89),
(151, -0.25, 20, '2014-06-13 21:09:36', 'test.metric.fol2.C', 7, 1, 1, 0.5, 2, 1, 89),
(152, -0.75, 21, '2014-06-13 21:17:01', 'bla.test.D', 8, 0, 2, 0, 1, 1, 89),
(153, -0.75, 21, '2014-06-13 21:17:01', 'test.metric.fol1.A', 12, 0, 0, 0, 4, 4, 89),
(154, 0.25, 21, '2014-06-13 21:17:01', 'test.metric.fol1.B', 6, 2, 0, 1, 3, 1, 89),
(155, -0.25, 21, '2014-06-13 21:17:01', 'test.metric.fol2.C', 7, 1, 1, 0.5, 2, 1, 89),
(156, -0.75, 22, '2014-06-14 01:14:57', 'bla.test.D', 8, 0, 2, 0, 1, 1, 89),
(157, -0.75, 22, '2014-06-14 01:14:57', 'test.metric.fol1.A', 12, 0, 0, 0, 4, 4, 89),
(158, 0.25, 22, '2014-06-14 01:14:57', 'test.metric.fol1.B', 6, 2, 0, 1, 3, 1, 89),
(159, -0.25, 22, '2014-06-14 01:14:57', 'test.metric.fol2.C', 7, 1, 1, 0.5, 2, 1, 89),
(160, -0.75, 23, '2014-06-14 01:57:29', 'bla.test.D', 8, 0, 2, 0, 1, 1, 89),
(161, -0.75, 23, '2014-06-14 01:57:29', 'test.metric.fol1.A', 12, 0, 0, 0, 4, 4, 89),
(162, 0.25, 23, '2014-06-14 01:57:29', 'test.metric.fol1.B', 6, 2, 0, 1, 3, 1, 89),
(163, -0.25, 23, '2014-06-14 01:57:29', 'test.metric.fol2.C', 7, 1, 1, 0.5, 2, 1, 89),
(164, -0.75, 24, '2014-06-14 01:59:32', 'bla.test.D', 8, 0, 2, 0, 1, 1, 89),
(165, -0.75, 24, '2014-06-14 01:59:32', 'test.metric.fol1.A', 12, 0, 0, 0, 4, 4, 89),
(166, 0.25, 24, '2014-06-14 01:59:32', 'test.metric.fol1.B', 6, 2, 0, 1, 3, 1, 89),
(167, -0.25, 24, '2014-06-14 01:59:32', 'test.metric.fol2.C', 7, 1, 1, 0.5, 2, 1, 89),
(168, -0.75, 25, '2014-06-14 02:38:23', 'bla.test.D', 8, 0, 2, 0, 1, 1, 89),
(169, -0.75, 25, '2014-06-14 02:38:23', 'test.metric.fol1.A', 12, 0, 0, 0, 4, 4, 89),
(170, 0.25, 25, '2014-06-14 02:38:23', 'test.metric.fol1.B', 6, 2, 0, 1, 3, 1, 89),
(171, -0.25, 25, '2014-06-14 02:38:23', 'test.metric.fol2.C', 7, 1, 1, 0.5, 2, 1, 89),
(172, -0.9411764705882353, 1, '2014-06-14 02:44:25', 'padl.kernel.IBlock', 2, 0, 3, 0, 1, 2, 90),
(173, -0.9411764705882353, 1, '2014-06-14 02:44:25', 'padl.kernel.IConditional', 2, 0, 3, 0, 1, 2, 90),
(174, -0.9411764705882353, 1, '2014-06-14 02:44:25', 'padl.kernel.IIfInstruction', 0, 0, 3, 0, 1, 0, 90),
(175, -0.9411764705882353, 1, '2014-06-14 02:44:25', 'padl.kernel.IIterator', 4, 0, 3, 0, 1, 4, 90),
(176, 0.05882352941176472, 1, '2014-06-14 02:44:25', 'padl.kernel.impl.Block', 2, 1, 0, 1, 1, 3, 90),
(177, 0.05882352941176472, 1, '2014-06-14 02:44:25', 'padl.kernel.impl.Conditional', 4, 1, 0, 1, 1, 3, 90),
(178, 0.05882352941176472, 1, '2014-06-14 02:44:25', 'padl.kernel.impl.IfInstruction', 0, 1, 0, 1, 2, 1, 90),
(179, 0.05882352941176472, 1, '2014-06-14 02:44:25', 'padl.kernel.impl.Iterator', 6, 1, 0, 1, 1, 9, 90),
(180, 0.05882352941176472, 1, '2014-06-14 02:44:25', 'padl.kernel.impl.Statement', 5, 1, 0, 1, 1, 6, 90),
(181, 0.05882352941176472, 1, '2014-06-14 02:44:25', 'padl.kernel.impl.StatementFactory', 4, 1, 0, 1, 1, 4, 90),
(182, 0.05882352941176472, 1, '2014-06-14 02:44:25', 'padl.kernel.impl.StatementWalkerAdapter', 45, 1, 0, 1, 1, 45, 90),
(183, 0.05882352941176472, 1, '2014-06-14 02:44:26', 'padl.kernel.impl.SwitchInstruction', 1, 1, 0, 1, 2, 2, 90),
(184, -0.6911764705882353, 1, '2014-06-14 02:44:26', 'padl.kernel.IStatement', 0, 1, 3, 0.25, 1, 0, 90),
(185, -0.9411764705882353, 1, '2014-06-14 02:44:26', 'padl.kernel.IStatementGenerator', 2, 0, 3, 0, 1, 2, 90),
(186, -0.9411764705882353, 1, '2014-06-14 02:44:26', 'padl.kernel.IStatementWalker', 2, 0, 3, 0, 1, 2, 90),
(187, -0.9411764705882353, 1, '2014-06-14 02:44:26', 'padl.kernel.ISwitchInstruction', 1, 0, 3, 0, 1, 1, 90),
(188, 0.05882352941176472, 1, '2014-06-14 02:44:26', 'padl.statement.analysis.IAnalysis', 2, 1, 0, 1, 1, 2, 90),
(189, -0.75, 26, '2014-06-14 21:04:59', 'bla.test.D', 8, 0, 2, 0, 1, 1, 89),
(190, -0.75, 26, '2014-06-14 21:04:59', 'test.metric.fol1.A', 12, 0, 0, 0, 4, 4, 89),
(191, 0.25, 26, '2014-06-14 21:04:59', 'test.metric.fol1.B', 6, 2, 0, 1, 3, 1, 89),
(192, -0.25, 26, '2014-06-14 21:04:59', 'test.metric.fol2.C', 7, 1, 1, 0.5, 2, 1, 89),
(193, -0.75, 27, '2014-06-14 21:28:00', 'bla.test.D', 8, 0, 2, 0, 1, 1, 89),
(194, -0.75, 27, '2014-06-14 21:28:00', 'test.metric.fol1.A', 12, 0, 0, 0, 4, 4, 89),
(195, 0.25, 27, '2014-06-14 21:28:00', 'test.metric.fol1.B', 6, 2, 0, 1, 3, 1, 89),
(196, -0.25, 27, '2014-06-14 21:28:00', 'test.metric.fol2.C', 7, 1, 1, 0.5, 2, 1, 89),
(197, -0.75, 28, '2014-06-15 17:23:42', 'bla.test.D', 8, 0, 2, 0, 1, 1, 89),
(198, -0.75, 28, '2014-06-15 17:23:42', 'test.metric.fol1.A', 12, 0, 0, 0, 4, 4, 89),
(199, 0.25, 28, '2014-06-15 17:23:42', 'test.metric.fol1.B', 6, 2, 0, 1, 3, 1, 89),
(200, -0.25, 28, '2014-06-15 17:23:42', 'test.metric.fol2.C', 7, 1, 1, 0.5, 2, 1, 89),
(201, -0.75, 29, '2014-06-15 17:25:36', 'bla.test.D', 8, 0, 2, 0, 1, 1, 89),
(202, -0.75, 29, '2014-06-15 17:25:36', 'test.metric.fol1.A', 12, 0, 0, 0, 4, 4, 89),
(203, 0.25, 29, '2014-06-15 17:25:36', 'test.metric.fol1.B', 6, 2, 0, 1, 3, 1, 89),
(204, -0.25, 29, '2014-06-15 17:25:36', 'test.metric.fol2.C', 7, 1, 1, 0.5, 2, 1, 89);

-- --------------------------------------------------------

--
-- Table structure for table `methodresult`
--

CREATE TABLE IF NOT EXISTS `methodresult` (
  `id` bigint(20) NOT NULL AUTO_INCREMENT,
  `idtest` int(11) DEFAULT NULL,
  `date` datetime DEFAULT NULL,
  `VG` float DEFAULT NULL,
  `classe` varchar(255) DEFAULT NULL,
  `SLOC` int(11) DEFAULT NULL,
  `idProjet` bigint(20) DEFAULT NULL,
  `type` varchar(255) DEFAULT NULL,
  `namemethode` varchar(255) DEFAULT NULL,
  PRIMARY KEY (`id`)
) ENGINE=InnoDB  DEFAULT CHARSET=latin1 AUTO_INCREMENT=640 ;

--
-- Dumping data for table `methodresult`
--

INSERT INTO `methodresult` (`id`, `idtest`, `date`, `VG`, `classe`, `SLOC`, `idProjet`, `type`, `namemethode`) VALUES
(359, 9, '2014-06-11 17:02:34', 8, 'bla.test.D', 14, 89, 'public static ', 'main'),
(362, 9, '2014-06-11 17:02:34', 6, 'test.metric.fol1.B', 11, 89, 'public static ', 'main'),
(363, 9, '2014-06-11 17:02:34', 7, 'test.metric.fol2.C', 12, 89, 'public static ', 'main'),
(451, 11, '2014-06-11 17:02:34', 5, 'test.metric.fol1.A', 8, 89, 'public static ', 'main'),
(454, 12, '2014-06-13 20:21:31', 8, 'bla.test.D', 14, 89, 'public static ', 'main'),
(455, 12, '2014-06-13 20:21:31', 5, 'test.metric.fol1.A', 8, 89, 'public static ', 'main'),
(456, 12, '2014-06-13 20:21:31', 5, 'test.metric.fol1.A', 8, 89, 'public synchronized ', 'methodA2'),
(457, 12, '2014-06-13 20:21:32', 6, 'test.metric.fol1.B', 11, 89, 'public static ', 'main'),
(458, 12, '2014-06-13 20:21:32', 7, 'test.metric.fol2.C', 12, 89, 'public static ', 'main'),
(459, 13, '2014-06-13 20:31:27', 8, 'bla.test.D', 14, 89, 'public static ', 'main'),
(460, 13, '2014-06-13 20:31:27', 5, 'test.metric.fol1.A', 8, 89, 'public static ', 'main'),
(461, 13, '2014-06-13 20:31:27', 5, 'test.metric.fol1.A', 8, 89, 'public synchronized ', 'methodA2'),
(462, 13, '2014-06-13 20:31:27', 6, 'test.metric.fol1.B', 11, 89, 'public static ', 'main'),
(463, 13, '2014-06-13 20:31:27', 7, 'test.metric.fol2.C', 12, 89, 'public static ', 'main'),
(464, 14, '2014-06-13 20:34:39', 8, 'bla.test.D', 14, 89, 'public static ', 'main'),
(465, 14, '2014-06-13 20:34:39', 5, 'test.metric.fol1.A', 8, 89, 'public static ', 'main'),
(466, 14, '2014-06-13 20:34:39', 5, 'test.metric.fol1.A', 8, 89, 'public synchronized ', 'methodA2'),
(467, 14, '2014-06-13 20:34:39', 6, 'test.metric.fol1.B', 11, 89, 'public static ', 'main'),
(468, 14, '2014-06-13 20:34:39', 7, 'test.metric.fol2.C', 12, 89, 'public static ', 'main'),
(469, 15, '2014-06-13 20:38:02', 8, 'bla.test.D', 14, 89, 'public static ', 'main'),
(470, 15, '2014-06-13 20:38:02', 5, 'test.metric.fol1.A', 8, 89, 'public static ', 'main'),
(471, 15, '2014-06-13 20:38:02', 5, 'test.metric.fol1.A', 8, 89, 'public synchronized ', 'methodA2'),
(472, 15, '2014-06-13 20:38:02', 6, 'test.metric.fol1.B', 11, 89, 'public static ', 'main'),
(473, 15, '2014-06-13 20:38:02', 7, 'test.metric.fol2.C', 12, 89, 'public static ', 'main'),
(474, 16, '2014-06-13 20:43:11', 8, 'bla.test.D', 14, 89, 'public static ', 'main'),
(475, 16, '2014-06-13 20:43:11', 5, 'test.metric.fol1.A', 8, 89, 'public static ', 'main'),
(476, 16, '2014-06-13 20:43:11', 5, 'test.metric.fol1.A', 8, 89, 'public synchronized ', 'methodA2'),
(477, 16, '2014-06-13 20:43:11', 6, 'test.metric.fol1.B', 11, 89, 'public static ', 'main'),
(478, 16, '2014-06-13 20:43:11', 7, 'test.metric.fol2.C', 12, 89, 'public static ', 'main'),
(479, 17, '2014-06-13 20:46:30', 8, 'bla.test.D', 14, 89, 'public static ', 'main'),
(480, 17, '2014-06-13 20:46:31', 5, 'test.metric.fol1.A', 8, 89, 'public static ', 'main'),
(481, 17, '2014-06-13 20:46:31', 5, 'test.metric.fol1.A', 8, 89, 'public synchronized ', 'methodA2'),
(482, 17, '2014-06-13 20:46:31', 6, 'test.metric.fol1.B', 11, 89, 'public static ', 'main'),
(483, 17, '2014-06-13 20:46:31', 7, 'test.metric.fol2.C', 12, 89, 'public static ', 'main'),
(484, 18, '2014-06-13 20:59:00', 8, 'bla.test.D', 14, 89, 'public static ', 'main'),
(485, 18, '2014-06-13 20:59:00', 5, 'test.metric.fol1.A', 8, 89, 'public static ', 'main'),
(486, 18, '2014-06-13 20:59:00', 5, 'test.metric.fol1.A', 8, 89, 'public synchronized ', 'methodA2'),
(487, 18, '2014-06-13 20:59:00', 1, 'test.metric.fol1.A', 0, 89, 'private ', 'hehe'),
(488, 18, '2014-06-13 20:59:00', 1, 'test.metric.fol1.A', 0, 89, 'protected ', 'hhh'),
(489, 18, '2014-06-13 20:59:00', 6, 'test.metric.fol1.B', 11, 89, 'public static ', 'main'),
(490, 18, '2014-06-13 20:59:00', 7, 'test.metric.fol2.C', 12, 89, 'public static ', 'main'),
(491, 19, '2014-06-13 21:09:36', 8, 'bla.test.D', 14, 89, 'public static ', 'main'),
(492, 19, '2014-06-13 21:09:36', 5, 'test.metric.fol1.A', 8, 89, 'public static ', 'main'),
(493, 19, '2014-06-13 21:09:36', 5, 'test.metric.fol1.A', 8, 89, 'public synchronized ', 'methodA2'),
(494, 19, '2014-06-13 21:09:36', 1, 'test.metric.fol1.A', 0, 89, 'private ', 'hehe'),
(495, 19, '2014-06-13 21:09:36', 1, 'test.metric.fol1.A', 0, 89, 'protected ', 'hhh'),
(496, 19, '2014-06-13 21:09:36', 6, 'test.metric.fol1.B', 11, 89, 'public static ', 'main'),
(497, 19, '2014-06-13 21:09:36', 7, 'test.metric.fol2.C', 12, 89, 'public static ', 'main'),
(498, 20, '2014-06-13 21:17:01', 8, 'bla.test.D', 14, 89, 'public static ', 'main'),
(499, 20, '2014-06-13 21:17:01', 5, 'test.metric.fol1.A', 8, 89, 'public static ', 'main'),
(500, 20, '2014-06-13 21:17:01', 5, 'test.metric.fol1.A', 8, 89, 'public synchronized ', 'methodA2'),
(501, 20, '2014-06-13 21:17:01', 1, 'test.metric.fol1.A', 0, 89, 'private ', 'hehe'),
(502, 20, '2014-06-13 21:17:01', 1, 'test.metric.fol1.A', 0, 89, 'protected ', 'hhh'),
(503, 20, '2014-06-13 21:17:01', 6, 'test.metric.fol1.B', 11, 89, 'public static ', 'main'),
(504, 20, '2014-06-13 21:17:01', 7, 'test.metric.fol2.C', 12, 89, 'public static ', 'main'),
(505, 21, '2014-06-14 01:14:57', 8, 'bla.test.D', 14, 89, 'public static ', 'main'),
(506, 21, '2014-06-14 01:14:57', 5, 'test.metric.fol1.A', 8, 89, 'public static ', 'main'),
(507, 21, '2014-06-14 01:14:57', 5, 'test.metric.fol1.A', 8, 89, 'public synchronized ', 'methodA2'),
(508, 21, '2014-06-14 01:14:57', 1, 'test.metric.fol1.A', 0, 89, 'private ', 'hehe'),
(509, 21, '2014-06-14 01:14:57', 1, 'test.metric.fol1.A', 0, 89, 'protected ', 'hhh'),
(510, 21, '2014-06-14 01:14:57', 6, 'test.metric.fol1.B', 11, 89, 'public static ', 'main'),
(511, 21, '2014-06-14 01:14:57', 7, 'test.metric.fol2.C', 12, 89, 'public static ', 'main'),
(512, 22, '2014-06-14 01:57:29', 8, 'bla.test.D', 14, 89, 'public static ', 'main'),
(513, 22, '2014-06-14 01:57:29', 5, 'test.metric.fol1.A', 8, 89, 'public static ', 'main'),
(514, 22, '2014-06-14 01:57:29', 5, 'test.metric.fol1.A', 8, 89, 'public synchronized ', 'methodA2'),
(515, 22, '2014-06-14 01:57:29', 1, 'test.metric.fol1.A', 0, 89, 'private ', 'hehe'),
(516, 22, '2014-06-14 01:57:29', 1, 'test.metric.fol1.A', 0, 89, 'protected ', 'hhh'),
(517, 22, '2014-06-14 01:57:29', 6, 'test.metric.fol1.B', 11, 89, 'public static ', 'main'),
(518, 22, '2014-06-14 01:57:29', 7, 'test.metric.fol2.C', 12, 89, 'public static ', 'main'),
(519, 23, '2014-06-14 01:59:32', 8, 'bla.test.D', 14, 89, 'public static ', 'main'),
(520, 23, '2014-06-14 01:59:32', 5, 'test.metric.fol1.A', 8, 89, 'public static ', 'main'),
(521, 23, '2014-06-14 01:59:32', 5, 'test.metric.fol1.A', 8, 89, 'public synchronized ', 'methodA2'),
(522, 23, '2014-06-14 01:59:32', 1, 'test.metric.fol1.A', 0, 89, 'private ', 'hehe'),
(523, 23, '2014-06-14 01:59:32', 1, 'test.metric.fol1.A', 0, 89, 'protected ', 'hhh'),
(524, 23, '2014-06-14 01:59:32', 6, 'test.metric.fol1.B', 11, 89, 'public static ', 'main'),
(525, 23, '2014-06-14 01:59:32', 7, 'test.metric.fol2.C', 12, 89, 'public static ', 'main'),
(526, 24, '2014-06-14 02:38:23', 8, 'bla.test.D', 14, 89, 'public static ', 'main'),
(527, 24, '2014-06-14 02:38:23', 5, 'test.metric.fol1.A', 8, 89, 'public static ', 'main'),
(528, 24, '2014-06-14 02:38:23', 5, 'test.metric.fol1.A', 8, 89, 'public synchronized ', 'methodA2'),
(529, 24, '2014-06-14 02:38:23', 1, 'test.metric.fol1.A', 0, 89, 'private ', 'hehe'),
(530, 24, '2014-06-14 02:38:23', 1, 'test.metric.fol1.A', 0, 89, 'protected ', 'hhh'),
(531, 24, '2014-06-14 02:38:23', 6, 'test.metric.fol1.B', 11, 89, 'public static ', 'main'),
(532, 24, '2014-06-14 02:38:23', 7, 'test.metric.fol2.C', 12, 89, 'public static ', 'main'),
(533, 1, '2014-06-14 02:44:25', 1, 'padl.kernel.IBlock', 0, 90, '', 'addConsituent'),
(534, 1, '2014-06-14 02:44:25', 1, 'padl.kernel.IBlock', 0, 90, '', 'getIteratorOnConstituents'),
(535, 1, '2014-06-14 02:44:25', 1, 'padl.kernel.IConditional', 0, 90, '', 'getCondition'),
(536, 1, '2014-06-14 02:44:25', 1, 'padl.kernel.IConditional', 0, 90, '', 'setCondition'),
(537, 1, '2014-06-14 02:44:25', 1, 'padl.kernel.IIterator', 0, 90, '', 'getCondition'),
(538, 1, '2014-06-14 02:44:25', 1, 'padl.kernel.IIterator', 0, 90, '', 'getDeclaringMethod'),
(539, 1, '2014-06-14 02:44:25', 1, 'padl.kernel.IIterator', 0, 90, '', 'getReturnTypeName'),
(540, 1, '2014-06-14 02:44:25', 1, 'padl.kernel.IIterator', 0, 90, '', 'setReturnTypeName'),
(541, 1, '2014-06-14 02:44:25', 1, 'padl.kernel.impl.Block', 3, 90, 'public ', 'addConsituent'),
(542, 1, '2014-06-14 02:44:25', 1, 'padl.kernel.impl.Block', 3, 90, 'public ', 'getIteratorOnConstituents'),
(543, 1, '2014-06-14 02:44:25', 3, 'padl.kernel.impl.Conditional', 7, 90, 'public ', 'setCondition'),
(544, 1, '2014-06-14 02:44:25', 1, 'padl.kernel.impl.Conditional', 3, 90, 'public ', 'getCondition'),
(545, 1, '2014-06-14 02:44:25', 1, 'padl.kernel.impl.Iterator', 3, 90, 'public ', 'getCondition'),
(546, 1, '2014-06-14 02:44:25', 1, 'padl.kernel.impl.Iterator', 3, 90, 'public ', 'getDeclaratingFiled'),
(547, 1, '2014-06-14 02:44:25', 1, 'padl.kernel.impl.Iterator', 3, 90, 'public ', 'getDeclaringMethod'),
(548, 1, '2014-06-14 02:44:25', 1, 'padl.kernel.impl.Iterator', 3, 90, 'public ', 'getDeclaratingInterface'),
(549, 1, '2014-06-14 02:44:25', 1, 'padl.kernel.impl.Iterator', 3, 90, 'public ', 'getReturnTypeName'),
(550, 1, '2014-06-14 02:44:25', 1, 'padl.kernel.impl.Iterator', 3, 90, 'public ', 'setReturnTypeName'),
(551, 1, '2014-06-14 02:44:25', 1, 'padl.kernel.impl.Statement', 3, 90, 'public ', 'Geteleblock'),
(552, 1, '2014-06-14 02:44:25', 1, 'padl.kernel.impl.Statement', 3, 90, 'public ', 'getIfBlock'),
(553, 1, '2014-06-14 02:44:25', 1, 'padl.kernel.impl.Statement', 3, 90, 'public ', 'hasBlock'),
(554, 1, '2014-06-14 02:44:25', 1, 'padl.kernel.impl.Statement', 4, 90, 'public ', 'setElseBlock'),
(555, 1, '2014-06-14 02:44:25', 1, 'padl.kernel.impl.Statement', 3, 90, 'public ', 'setIfBlock'),
(556, 1, '2014-06-14 02:44:25', 2, 'padl.kernel.impl.StatementFactory', 6, 90, 'public static ', 'getInstance'),
(557, 1, '2014-06-14 02:44:25', 1, 'padl.kernel.impl.StatementFactory', 3, 90, 'public ', 'createIfInstruction'),
(558, 1, '2014-06-14 02:44:25', 1, 'padl.kernel.impl.StatementFactory', 3, 90, 'public ', 'createSwitchInstruction'),
(559, 1, '2014-06-14 02:44:25', 1, 'padl.kernel.impl.StatementWalkerAdapter', 3, 90, 'public ', 'getResult'),
(560, 1, '2014-06-14 02:44:25', 1, 'padl.kernel.impl.StatementWalkerAdapter', 2, 90, 'public ', 'close'),
(561, 1, '2014-06-14 02:44:25', 1, 'padl.kernel.impl.StatementWalkerAdapter', 2, 90, 'public ', 'close'),
(562, 1, '2014-06-14 02:44:25', 1, 'padl.kernel.impl.StatementWalkerAdapter', 2, 90, 'public ', 'close'),
(563, 1, '2014-06-14 02:44:25', 1, 'padl.kernel.impl.StatementWalkerAdapter', 2, 90, 'public ', 'close'),
(564, 1, '2014-06-14 02:44:25', 1, 'padl.kernel.impl.StatementWalkerAdapter', 2, 90, 'public ', 'close'),
(565, 1, '2014-06-14 02:44:25', 1, 'padl.kernel.impl.StatementWalkerAdapter', 2, 90, 'public ', 'close'),
(566, 1, '2014-06-14 02:44:25', 1, 'padl.kernel.impl.StatementWalkerAdapter', 2, 90, 'public ', 'close'),
(567, 1, '2014-06-14 02:44:25', 1, 'padl.kernel.impl.StatementWalkerAdapter', 2, 90, 'public ', 'close'),
(568, 1, '2014-06-14 02:44:25', 1, 'padl.kernel.impl.StatementWalkerAdapter', 2, 90, 'public ', 'close'),
(569, 1, '2014-06-14 02:44:25', 1, 'padl.kernel.impl.StatementWalkerAdapter', 2, 90, 'public ', 'close'),
(570, 1, '2014-06-14 02:44:25', 1, 'padl.kernel.impl.StatementWalkerAdapter', 2, 90, 'public ', 'close'),
(571, 1, '2014-06-14 02:44:25', 1, 'padl.kernel.impl.StatementWalkerAdapter', 2, 90, 'public ', 'close'),
(572, 1, '2014-06-14 02:44:25', 1, 'padl.kernel.impl.StatementWalkerAdapter', 2, 90, 'public ', 'close'),
(573, 1, '2014-06-14 02:44:25', 1, 'padl.kernel.impl.StatementWalkerAdapter', 2, 90, 'public ', 'close'),
(574, 1, '2014-06-14 02:44:25', 1, 'padl.kernel.impl.StatementWalkerAdapter', 3, 90, 'public ', 'getName'),
(575, 1, '2014-06-14 02:44:25', 1, 'padl.kernel.impl.StatementWalkerAdapter', 2, 90, 'public ', 'open'),
(576, 1, '2014-06-14 02:44:25', 1, 'padl.kernel.impl.StatementWalkerAdapter', 2, 90, 'public ', 'open'),
(577, 1, '2014-06-14 02:44:25', 1, 'padl.kernel.impl.StatementWalkerAdapter', 2, 90, 'public ', 'open'),
(578, 1, '2014-06-14 02:44:25', 1, 'padl.kernel.impl.StatementWalkerAdapter', 2, 90, 'public ', 'open'),
(579, 1, '2014-06-14 02:44:25', 1, 'padl.kernel.impl.StatementWalkerAdapter', 2, 90, 'public ', 'open'),
(580, 1, '2014-06-14 02:44:25', 1, 'padl.kernel.impl.StatementWalkerAdapter', 2, 90, 'public ', 'open'),
(581, 1, '2014-06-14 02:44:25', 1, 'padl.kernel.impl.StatementWalkerAdapter', 2, 90, 'public ', 'open'),
(582, 1, '2014-06-14 02:44:25', 1, 'padl.kernel.impl.StatementWalkerAdapter', 2, 90, 'public ', 'open'),
(583, 1, '2014-06-14 02:44:25', 1, 'padl.kernel.impl.StatementWalkerAdapter', 2, 90, 'public ', 'open'),
(584, 1, '2014-06-14 02:44:25', 1, 'padl.kernel.impl.StatementWalkerAdapter', 2, 90, 'public ', 'open'),
(585, 1, '2014-06-14 02:44:25', 1, 'padl.kernel.impl.StatementWalkerAdapter', 2, 90, 'public ', 'open'),
(586, 1, '2014-06-14 02:44:25', 1, 'padl.kernel.impl.StatementWalkerAdapter', 2, 90, 'public ', 'open'),
(587, 1, '2014-06-14 02:44:25', 1, 'padl.kernel.impl.StatementWalkerAdapter', 2, 90, 'public ', 'open'),
(588, 1, '2014-06-14 02:44:25', 1, 'padl.kernel.impl.StatementWalkerAdapter', 2, 90, 'public ', 'open'),
(589, 1, '2014-06-14 02:44:25', 1, 'padl.kernel.impl.StatementWalkerAdapter', 2, 90, 'public ', 'reset'),
(590, 1, '2014-06-14 02:44:25', 1, 'padl.kernel.impl.StatementWalkerAdapter', 2, 90, 'public ', 'unknownConstituentHandler'),
(591, 1, '2014-06-14 02:44:25', 1, 'padl.kernel.impl.StatementWalkerAdapter', 2, 90, 'public ', 'visit'),
(592, 1, '2014-06-14 02:44:25', 1, 'padl.kernel.impl.StatementWalkerAdapter', 2, 90, 'public ', 'visit'),
(593, 1, '2014-06-14 02:44:25', 1, 'padl.kernel.impl.StatementWalkerAdapter', 2, 90, 'public ', 'visit'),
(594, 1, '2014-06-14 02:44:25', 1, 'padl.kernel.impl.StatementWalkerAdapter', 2, 90, 'public ', 'visit'),
(595, 1, '2014-06-14 02:44:25', 1, 'padl.kernel.impl.StatementWalkerAdapter', 2, 90, 'public ', 'visit'),
(596, 1, '2014-06-14 02:44:25', 1, 'padl.kernel.impl.StatementWalkerAdapter', 2, 90, 'public ', 'visit'),
(597, 1, '2014-06-14 02:44:25', 1, 'padl.kernel.impl.StatementWalkerAdapter', 2, 90, 'public ', 'visit'),
(598, 1, '2014-06-14 02:44:25', 1, 'padl.kernel.impl.StatementWalkerAdapter', 2, 90, 'public ', 'visit'),
(599, 1, '2014-06-14 02:44:25', 1, 'padl.kernel.impl.StatementWalkerAdapter', 2, 90, 'public ', 'visit'),
(600, 1, '2014-06-14 02:44:25', 1, 'padl.kernel.impl.StatementWalkerAdapter', 2, 90, 'public ', 'visit'),
(601, 1, '2014-06-14 02:44:25', 1, 'padl.kernel.impl.StatementWalkerAdapter', 2, 90, 'public ', 'visit'),
(602, 1, '2014-06-14 02:44:25', 1, 'padl.kernel.impl.StatementWalkerAdapter', 2, 90, 'public ', 'visit'),
(603, 1, '2014-06-14 02:44:25', 1, 'padl.kernel.impl.StatementWalkerAdapter', 2, 90, 'public ', 'visit'),
(604, 1, '2014-06-14 02:44:26', 1, 'padl.kernel.impl.SwitchInstruction', 3, 90, 'public ', 'getRange'),
(605, 1, '2014-06-14 02:44:26', 1, 'padl.kernel.IStatementGenerator', 0, 90, '', 'visit'),
(606, 1, '2014-06-14 02:44:26', 1, 'padl.kernel.IStatementGenerator', 0, 90, '', 'visit'),
(607, 1, '2014-06-14 02:44:26', 1, 'padl.kernel.IStatementWalker', 0, 90, '', 'visit'),
(608, 1, '2014-06-14 02:44:26', 1, 'padl.kernel.IStatementWalker', 0, 90, '', 'visit'),
(609, 1, '2014-06-14 02:44:26', 1, 'padl.kernel.ISwitchInstruction', 0, 90, '', 'getRange'),
(610, 1, '2014-06-14 02:44:26', 1, 'padl.statement.analysis.IAnalysis', 0, 90, '', 'invoke'),
(611, 1, '2014-06-14 02:44:26', 1, 'padl.statement.analysis.IAnalysis', 0, 90, '', 'getName'),
(612, 25, '2014-06-14 21:04:59', 8, 'bla.test.D', 14, 89, 'public static ', 'main'),
(613, 25, '2014-06-14 21:04:59', 5, 'test.metric.fol1.A', 10, 89, 'public static ', 'main'),
(614, 25, '2014-06-14 21:04:59', 5, 'test.metric.fol1.A', 8, 89, 'public synchronized static ', 'methodA2'),
(615, 25, '2014-06-14 21:04:59', 1, 'test.metric.fol1.A', 0, 89, 'private ', 'hehe'),
(616, 25, '2014-06-14 21:04:59', 1, 'test.metric.fol1.A', 0, 89, 'protected ', 'hhh'),
(617, 25, '2014-06-14 21:04:59', 6, 'test.metric.fol1.B', 11, 89, 'public static ', 'main'),
(618, 25, '2014-06-14 21:04:59', 7, 'test.metric.fol2.C', 12, 89, 'public static ', 'main'),
(619, 26, '2014-06-14 21:28:00', 8, 'bla.test.D', 14, 89, 'public static ', 'main'),
(620, 26, '2014-06-14 21:28:00', 5, 'test.metric.fol1.A', 10, 89, 'public static ', 'main'),
(621, 26, '2014-06-14 21:28:00', 5, 'test.metric.fol1.A', 8, 89, 'public synchronized static ', 'methodA2'),
(622, 26, '2014-06-14 21:28:00', 1, 'test.metric.fol1.A', 0, 89, 'private ', 'hehe'),
(623, 26, '2014-06-14 21:28:00', 1, 'test.metric.fol1.A', 0, 89, 'protected ', 'hhh'),
(624, 26, '2014-06-14 21:28:00', 6, 'test.metric.fol1.B', 11, 89, 'public static ', 'main'),
(625, 26, '2014-06-14 21:28:00', 7, 'test.metric.fol2.C', 12, 89, 'public static ', 'main'),
(626, 27, '2014-06-15 17:23:42', 8, 'bla.test.D', 14, 89, 'public static ', 'main'),
(627, 27, '2014-06-15 17:23:42', 5, 'test.metric.fol1.A', 10, 89, 'public static ', 'main'),
(628, 27, '2014-06-15 17:23:42', 5, 'test.metric.fol1.A', 8, 89, 'public synchronized static ', 'methodA2'),
(629, 27, '2014-06-15 17:23:42', 1, 'test.metric.fol1.A', 0, 89, 'private ', 'hehe'),
(630, 27, '2014-06-15 17:23:42', 1, 'test.metric.fol1.A', 0, 89, 'protected ', 'hhh'),
(631, 27, '2014-06-15 17:23:42', 6, 'test.metric.fol1.B', 11, 89, 'public static ', 'main'),
(632, 27, '2014-06-15 17:23:42', 7, 'test.metric.fol2.C', 12, 89, 'public static ', 'main'),
(633, 28, '2014-06-15 17:25:36', 8, 'bla.test.D', 14, 89, 'public static ', 'main'),
(634, 28, '2014-06-15 17:25:36', 5, 'test.metric.fol1.A', 10, 89, 'public static ', 'main'),
(635, 28, '2014-06-15 17:25:36', 5, 'test.metric.fol1.A', 8, 89, 'public synchronized static ', 'methodA2'),
(636, 28, '2014-06-15 17:25:36', 1, 'test.metric.fol1.A', 0, 89, 'private ', 'hehe'),
(637, 28, '2014-06-15 17:25:36', 1, 'test.metric.fol1.A', 0, 89, 'protected ', 'hhh'),
(638, 28, '2014-06-15 17:25:36', 6, 'test.metric.fol1.B', 11, 89, 'public static ', 'main'),
(639, 28, '2014-06-15 17:25:36', 7, 'test.metric.fol2.C', 12, 89, 'public static ', 'main');

-- --------------------------------------------------------

--
-- Table structure for table `metriques`
--

CREATE TABLE IF NOT EXISTS `metriques` (
  `id` bigint(20) NOT NULL,
  `LOC` double DEFAULT NULL,
  `AHF` double DEFAULT NULL,
  `WMC` double DEFAULT NULL,
  `cyclo` double NOT NULL,
  `VG` double DEFAULT NULL,
  `NOC` double DEFAULT NULL,
  `DIT` double DEFAULT NULL,
  `CLOC` double DEFAULT NULL,
  `NOM` double DEFAULT NULL,
  `POF` double DEFAULT NULL,
  `MHF` double DEFAULT NULL,
  `RFC` double DEFAULT NULL,
  `APF` double DEFAULT NULL,
  `abs` double NOT NULL,
  `MPC` double NOT NULL,
  `TCC` double NOT NULL,
  `MPF` double DEFAULT NULL,
  `I` double NOT NULL DEFAULT '1',
  `D` double NOT NULL DEFAULT '1',
  `NOI` double NOT NULL DEFAULT '1',
  `ca` double NOT NULL DEFAULT '1',
  `ce` double NOT NULL DEFAULT '1',
  `classes` double NOT NULL DEFAULT '1',
  PRIMARY KEY (`id`)
) ENGINE=InnoDB DEFAULT CHARSET=latin1;

--
-- Dumping data for table `metriques`
--

INSERT INTO `metriques` (`id`, `LOC`, `AHF`, `WMC`, `cyclo`, `VG`, `NOC`, `DIT`, `CLOC`, `NOM`, `POF`, `MHF`, `RFC`, `APF`, `abs`, `MPC`, `TCC`, `MPF`, `I`, `D`, `NOI`, `ca`, `ce`, `classes`) VALUES
(1, 1, 1, 1, 1, 1, 1, 1, 1, 1, 1, 1, 1, 1, 1, 1, 1, 1, 1, 1, 1, 1, 1, 1),
(2, 1, 1, 1, 1, 1, 1, 1, 1, 1, 1, 1, 1, 1, 1, 1, 1, 1, 0, 0, 0, 1, 1, 1),
(3, 1, 1, 1, 1, 1, 1, 1, 1, 1, 1, 1, 1, 1, 1, 1, 1, 1, 0, 0, 0, 1, 1, 1),
(4, 1, 1, 1, 1, 1, 1, 1, 1, 1, 1, 1, 1, 1, 1, 1, 1, 5, 0, 0, 0, 1, 1, 1),
(5, 1, 1, 1, 1, 1, 1, 1, 1, 1, 1, 1, 1, 1, 1, 1, 1, 1, 0, 0, 0, 1, 1, 1),
(6, 1, 1, 1, 1, 1, 1, 1, 1, 1, 1, 1, 1, 1, 1, 1, 1, 1, 0, 0, 0, 1, 1, 1),
(7, 1, 1, 1, 1, 1, 1, 1, 1, 1, 1, 1, 1, 1, 1, 1, 1, 1, 0, 0, 0, 1, 1, 1),
(8, 1, 1, 1, 1, 1, 1, 1, 1, 1, 1, 1, 1, 1, 1, 1, 1, 1, 0, 0, 0, 1, 1, 1),
(9, 1, 1, 1, 1, 1, 1, 1, 1, 1, 1, 1, 1, 1, 1, 1, 1, 1, 0, 0, 0, 1, 1, 1),
(10, 1, 1, 1, 1, 1, 1, 1, 1, 1, 1, 1, 1, 1, 1, 1, 1, 1, 0, 0, 0, 1, 1, 1),
(12, 1, 1, 1, 1, 1, 1, 1, 1, 1, 1, 1, 1, 1, 1, 1, 1, 1, 0, 0, 0, 1, 1, 1),
(13, 1, 1, 1, 1, 1, 1, 1, 1, 1, 1, 1, 1, 1, 1, 1, 1, 1, 0, 0, 0, 1, 1, 1),
(14, 1, 1, 1, 1, 1, 1, 1, 1, 1, 1, 1, 1, 1, 1, 1, 1, 1, 0, 0, 0, 1, 1, 1),
(15, 1, 1, 1, 1, 1, 1, 1, 1, 1, 1, 1, 1, 1, 1, 1, 1, 1, 0, 0, 0, 1, 1, 1),
(16, 1, 1, 1, 1, 1, 1, 1, 1, 1, 1, 1, 1, 1, 1, 1, 1, 1, 0, 0, 0, 1, 1, 1),
(17, 1, 1, 1, 1, 1, 1, 1, 1, 1, 1, 1, 1, 1, 1, 1, 1, 1, 0, 0, 0, 1, 1, 1),
(18, 1, 1, 1, 1, 1, 1, 1, 1, 1, 1, 1, 1, 1, 1, 1, 1, 1, 0, 0, 0, 1, 1, 1),
(19, 1, 1, 1, 1, 1, 1, 1, 1, 1, 1, 1, 1, 1, 1, 1, 1, 1, 0, 0, 0, 1, 1, 1),
(20, 1, 1, 1, 1, 1, 1, 1, 1, 1, 1, 1, 1, 1, 1, 1, 1, 1, 0, 0, 0, 1, 1, 1),
(21, 1, 1, 1, 1, 1, 1, 1, 1, 1, 1, 1, 1, 1, 1, 1, 1, 1, 0, 0, 0, 1, 1, 1),
(22, 1, 1, 1, 1, 1, 1, 1, 1, 1, 1, 1, 1, 1, 1, 1, 1, 1, 0, 0, 0, 1, 1, 1),
(23, 1, 1, 1, 1, 1, 1, 1, 1, 1, 1, 1, 1, 1, 1, 1, 1, 1, 0, 0, 0, 1, 1, 1),
(24, 1, 1, 1, 1, 1, 1, 1, 1, 1, 1, 1, 1, 1, 1, 1, 1, 1, 0, 0, 0, 1, 1, 1),
(25, 1, 1, 1, 1, 1, 1, 1, 1, 1, 1, 1, 1, 1, 1, 1, 1, 1, 0, 0, 0, 1, 1, 1),
(26, 1, 1, 1, 1, 1, 1, 1, 1, 1, 1, 1, 1, 1, 1, 1, 1, 1, 0, 0, 0, 1, 1, 1),
(27, 1, 1, 1, 1, 1, 1, 1, 1, 1, 1, 1, 1, 1, 1, 1, 1, 1, 1, 1, 0, 1, 1, 1),
(28, 1, 1, 1, 1, 1, 1, 1, 1, 1, 1, 1, 1, 1, 1, 1, 1, 1, 0, 0, 0, 1, 1, 1),
(29, 1, 1, 1, 1, 1, 1, 1, 1, 1, 1, 1, 1, 1, 1, 1, 1, 1, 0, 0, 0, 1, 1, 1),
(30, 1, 1, 1, 1, 1, 1, 1, 1, 1, 1, 1, 1, 1, 1, 1, 1, 6, 5, 5, 0, 1, 1, 1),
(31, 1, 1, 1, 1, 1, 1, 1, 1, 1, 1, 1, 1, 1, 1, 1, 1, 1, 0, 0, 0, 1, 1, 1),
(32, 1, 1, 1, 1, 1, 1, 1, 1, 1, 1, 1, 1, 1, 1, 1, 1, 1, 0, 0, 0, 1, 1, 1),
(33, 1, 1, 1, 1, 1, 1, 1, 1, 1, 1, 1, 1, 1, 1, 1, 1, 1, 0, 0, 0, 1, 1, 1),
(34, 1, 1, 1, 1, 1, 1, 1, 1, 1, 1, 1, 1, 1, 1, 1, 1, 1, 0, 0, 0, 1, 1, 1),
(35, 1, 1, 1, 1, 1, 1, 1, 1, 1, 1, 1, 1, 1, 1, 1, 1, 1, 0, 0, 0, 1, 1, 1),
(36, 1, 1, 1, 1, 1, 1, 1, 1, 1, 1, 1, 1, 1, 1, 1, 1, 1, 0, 0, 0, 1, 1, 1),
(37, 1, 1, 1, 1, 1, 1, 1, 1, 1, 1, 1, 1, 1, 1, 1, 1, 1, 0, 0, 0, 1, 1, 1),
(38, 1, 1, 1, 1, 1, 1, 1, 1, 1, 1, 1, 1, 1, 1, 1, 1, 1, 0, 0, 0, 1, 1, 1),
(39, 1, 1, 1, 1, 1, 1, 1, 1, 1, 1, 1, 1, 1, 1, 1, 1, 1, 0, 0, 0, 1, 1, 1),
(40, 1, 1, 1, 1, 1, 1, 1, 1, 1, 1, 1, 1, 1, 1, 1, 1, 1, 0, 0, 0, 1, 1, 1),
(41, 1, 1, 1, 1, 1, 1, 1, 1, 1, 1, 1, 1, 1, 1, 1, 1, 1, 0, 0, 0, 1, 1, 1),
(42, 1, 1, 1, 1, 1, 1, 1, 1, 1, 1, 1, 1, 1, 1, 1, 1, 1, 0, 0, 0, 1, 1, 1),
(43, 1, 1, 1, 1, 1, 1, 1, 1, 1, 1, 1, 1, 1, 1, 1, 1, 1, 0, 0, 0, 1, 1, 1),
(44, 1, 1, 1, 1, 1, 1, 1, 1, 1, 1, 1, 1, 1, 1, 1, 1, 1, 0, 0, 0, 1, 1, 1),
(45, 1, 1, 1, 1, 1, 1, 1, 1, 1, 1, 1, 1, 1, 1, 1, 1, 1, 0, 0, 0, 1, 1, 1),
(46, 1, 1, 1, 1, 1, 1, 1, 1, 1, 1, 1, 1, 1, 1, 1, 1, 1, 0, 0, 0, 1, 1, 1),
(47, 1, 1, 1, 1, 1, 1, 1, 1, 1, 1, 1, 1, 1, 1, 1, 1, 1, 0, 0, 0, 1, 1, 1),
(48, 1, 1, 1, 1, 1, 1, 1, 1, 1, 1, 1, 1, 1, 1, 1, 1, 1, 0, 0, 0, 1, 1, 1),
(49, 1, 1, 1, 1, 1, 1, 1, 1, 1, 1, 1, 1, 1, 1, 1, 1, 1, 0, 0, 0, 1, 1, 1),
(50, 1, 1, 1, 1, 1, 1, 1, 1, 1, 1, 1, 1, 1, 1, 1, 1, 1, 0, 0, 0, 1, 1, 1),
(51, 1, 1, 1, 1, 1, 1, 1, 1, 1, 1, 1, 1, 1, 1, 1, 1, 1, 0, 0, 0, 1, 1, 1),
(52, 1, 1, 1, 1, 1, 1, 1, 1, 1, 1, 1, 1, 1, 1, 1, 1, 1, 0, 0, 0, 1, 1, 1),
(53, 1, 1, 1, 1, 1, 1, 1, 1, 1, 1, 1, 1, 1, 1, 1, 1, 1, 0, 0, 0, 1, 1, 1),
(54, 1, 1, 1, 1, 1, 1, 1, 1, 1, 1, 1, 1, 1, 1, 1, 1, 1, 0, 0, 0, 1, 1, 1),
(55, 1, 1, 1, 1, 1, 1, 1, 1, 1, 1, 1, 1, 1, 1, 1, 1, 1, 0, 0, 0, 1, 1, 1),
(56, 1, 1, 1, 1, 1, 1, 1, 1, 1, 1, 1, 1, 1, 1, 1, 1, 1, 0, 0, 0, 1, 1, 1),
(57, 1, 1, 1, 1, 1, 1, 1, 1, 1, 1, 1, 1, 1, 1, 1, 1, 1, 0, 0, 0, 1, 1, 1),
(58, 1, 1, 1, 1, 1, 1, 1, 1, 1, 1, 1, 1, 1, 1, 1, 1, 1, 0, 0, 0, 1, 1, 1),
(59, 1, 1, 1, 1, 1, 1, 1, 1, 1, 1, 1, 1, 1, 1, 1, 1, 1, 0, 0, 0, 1, 1, 1),
(60, 1, 1, 1, 1, 1, 1, 1, 1, 1, 1, 1, 1, 1, 1, 1, 1, 1, 0, 0, 0, 1, 1, 1),
(61, 1, 1, 1, 1, 1, 1, 1, 1, 1, 1, 1, 1, 1, 1, 1, 1, 1, 0, 0, 0, 1, 1, 1),
(62, 1, 1, 1, 1, 1, 1, 1, 1, 1, 1, 1, 1, 1, 1, 1, 1, 1, 0, 0, 0, 1, 1, 1),
(63, 1, 1, 1, 1, 1, 1, 1, 1, 1, 1, 1, 1, 1, 1, 1, 1, 1, 0, 0, 0, 1, 1, 1),
(64, 1, 1, 1, 1, 1, 1, 1, 1, 1, 1, 1, 1, 1, 1, 1, 1, 1, 0, 0, 0, 1, 1, 1),
(65, 1, 1, 1, 1, 1, 1, 1, 1, 1, 1, 1, 1, 1, 1, 1, 1, 1, 0, 0, 0, 1, 1, 1),
(66, 1, 1, 1, 1, 1, 1, 1, 1, 1, 1, 1, 1, 1, 1, 1, 1, 1, 0, 0, 0, 1, 1, 1),
(67, 1, 1, 1, 1, 1, 1, 1, 1, 1, 1, 1, 1, 1, 1, 1, 1, 1, 0, 0, 0, 1, 1, 1),
(68, 1, 1, 1, 1, 1, 1, 1, 1, 1, 1, 1, 1, 1, 1, 1, 1, 1, 0, 0, 0, 1, 1, 1),
(69, 1, 1, 1, 1, 1, 1, 1, 1, 1, 1, 1, 1, 1, 1, 1, 1, 1, 0, 0, 0, 1, 1, 1),
(70, 1, 1, 1, 1, 1, 1, 1, 1, 1, 1, 1, 1, 1, 1, 1, 1, 1, 0, 0, 0, 1, 1, 1),
(71, 1, 1, 1, 1, 1, 1, 1, 1, 1, 1, 1, 1, 1, 1, 1, 1, 1, 0, 0, 0, 1, 1, 1),
(72, 1, 1, 1, 1, 1, 1, 1, 1, 1, 1, 1, 1, 1, 1, 1, 1, 1, 0, 0, 0, 1, 1, 1),
(73, 1, 1, 1, 1, 1, 1, 1, 1, 1, 1, 1, 1, 1, 1, 1, 1, 1, 0, 0, 0, 1, 1, 1),
(74, 1, 1, 1, 1, 1, 1, 1, 1, 1, 1, 1, 1, 1, 1, 1, 1, 1, 0, 0, 0, 1, 1, 1),
(75, 1, 1, 1, 1, 1, 1, 1, 1, 1, 1, 1, 1, 1, 1, 1, 1, 1, 0, 0, 0, 1, 1, 1),
(76, 1, 1, 1, 1, 1, 1, 1, 1, 1, 1, 1, 1, 1, 1, 1, 1, 1, 0, 0, 0, 1, 1, 1),
(77, 1, 1, 1, 1, 1, 1, 1, 1, 1, 1, 1, 1, 1, 1, 1, 1, 1, 0, 0, 0, 1, 1, 1),
(78, 1, 1, 1, 1, 1, 1, 1, 1, 1, 1, 1, 1, 1, 1, 1, 1, 1, 0, 0, 0, 1, 1, 1),
(79, 1, 1, 1, 1, 1, 1, 1, 1, 1, 1, 1, 1, 1, 1, 1, 1, 1, 0, 0, 0, 1, 1, 1),
(80, 1, 1, 1, 1, 1, 1, 1, 1, 1, 1, 1, 1, 1, 1, 1, 1, 1, 0, 0, 0, 1, 1, 1),
(81, 1, 1, 1, 1, 1, 1, 1, 1, 1, 1, 1, 1, 1, 1, 1, 1, 1, 0, 0, 0, 1, 1, 1),
(82, 1, 1, 1, 1, 1, 1, 1, 1, 1, 1, 1, 1, 1, 1, 1, 1, 1, 0, 0, 0, 1, 1, 1),
(83, 1, 1, 1, 1, 1, 1, 1, 1, 1, 1, 1, 1, 1, 1, 1, 1, 1, 0, 0, 0, 1, 1, 1),
(84, 1, 1, 1, 1, 1, 1, 1, 1, 1, 1, 1, 1, 1, 1, 1, 1, 1, 0, 0, 0, 1, 1, 1),
(85, 1, 1, 1, 1, 1, 1, 1, 1, 1, 1, 1, 1, 1, 1, 1, 1, 1, 0, 0, 0, 1, 1, 1),
(86, 1, 1, 1, 1, 1, 1, 1, 1, 1, 1, 1, 1, 1, 1, 1, 1, 1, 0, 0, 0, 1, 1, 1),
(87, 1, 1, 1, 1, 1, 1, 1, 1, 1, 1, 1, 1, 1, 1, 1, 1, 1, 0, 0, 0, 1, 1, 1),
(88, 1, 1, 1, 1, 1, 1, 1, 1, 1, 1, 1, 1, 1, 1, 1, 1, 1, 0, 0, 0, 1, 1, 1),
(89, 1, 1, 1, 1, 1, 1, 1, 1, 1, 1, 1, 1, 1, 1, 1, 1, 1, 1, 1, 1, 1, 1, 1),
(90, 1, 1, 1, 1, 1, 1, 1, 1, 1, 1, 1, 1, 1, 1, 1, 1, 1, 1, 1, 1, 1, 1, 1);

-- --------------------------------------------------------

--
-- Table structure for table `projet`
--

CREATE TABLE IF NOT EXISTS `projet` (
  `id` bigint(20) NOT NULL AUTO_INCREMENT,
  `folder` varchar(255) DEFAULT NULL,
  `nom` varchar(255) DEFAULT NULL,
  PRIMARY KEY (`id`)
) ENGINE=InnoDB  DEFAULT CHARSET=latin1 AUTO_INCREMENT=91 ;

--
-- Dumping data for table `projet`
--

INSERT INTO `projet` (`id`, `folder`, `nom`) VALUES
(87, 'C:\\Users\\sam\\workspace\\testem', 'testem'),
(88, 'C:\\Users\\sam\\Desktop\\huston', 'huston'),
(89, 'C:\\Users\\sam\\SVN\\metricsTest', 'SVNTest'),
(90, 'C:\\Users\\sam\\TPS\\PADL Statements', 'padl stat');

-- --------------------------------------------------------

--
-- Table structure for table `projetusers`
--

CREATE TABLE IF NOT EXISTS `projetusers` (
  `id` bigint(20) NOT NULL AUTO_INCREMENT,
  `idUser` bigint(20) DEFAULT NULL,
  `idProjet` bigint(20) DEFAULT NULL,
  PRIMARY KEY (`id`)
) ENGINE=InnoDB  DEFAULT CHARSET=latin1 AUTO_INCREMENT=65 ;

--
-- Dumping data for table `projetusers`
--

INSERT INTO `projetusers` (`id`, `idUser`, `idProjet`) VALUES
(1, 16, 1),
(2, 16, 2),
(3, 16, 3),
(4, 16, 4),
(5, 16, 5),
(6, 16, 7),
(7, 17, 17),
(8, 16, 17),
(9, 1, 34),
(10, 1, 35),
(11, 1, 36),
(12, 1, 37),
(13, 1, 38),
(14, 1, 39),
(15, 1, 40),
(16, 1, 41),
(17, 1, 42),
(18, 1, 43),
(19, 1, 44),
(20, 1, 45),
(21, 1, 46),
(22, 1, 47),
(23, 1, 48),
(24, 1, 49),
(25, 1, 50),
(26, 1, 51),
(27, 1, 52),
(28, 1, 53),
(29, 1, 55),
(30, 1, 56),
(31, 1, 57),
(32, 1, 58),
(33, 1, 59),
(34, 1, 60),
(35, 1, 61),
(36, 1, 62),
(37, 1, 63),
(38, 1, 64),
(39, 1, 65),
(40, 1, 66),
(41, 1, 67),
(42, 1, 68),
(43, 1, 69),
(44, 1, 70),
(45, 1, 71),
(46, 1, 72),
(47, 1, 73),
(48, 1, 74),
(49, 1, 75),
(50, 1, 76),
(51, 1, 77),
(52, 1, 78),
(53, 1, 79),
(54, 1, 80),
(55, 1, 81),
(56, 1, 82),
(57, 1, 83),
(58, 1, 84),
(59, 1, 85),
(60, 1, 86),
(61, 1, 87),
(62, 1, 88),
(63, 1, 89),
(64, 1, 90);

-- --------------------------------------------------------

--
-- Table structure for table `propriete`
--

CREATE TABLE IF NOT EXISTS `propriete` (
  `id` bigint(20) NOT NULL,
  `stabilite` double DEFAULT NULL,
  `coupling` double DEFAULT NULL,
  `precisions` double DEFAULT NULL,
  `cohesion` double DEFAULT NULL,
  `tolerence` double DEFAULT NULL,
  `heritage` double DEFAULT NULL,
  `encapsulation` double DEFAULT NULL,
  `instabilite` double DEFAULT NULL,
  `abstraction` double DEFAULT NULL,
  `composition` double DEFAULT NULL,
  `modularite` double DEFAULT NULL,
  `consistence` double DEFAULT NULL,
  `dependence` double DEFAULT NULL,
  `complexite` double DEFAULT NULL,
  `specialisation` double DEFAULT NULL,
  `nbmethodes` double DEFAULT NULL,
  `sizemethodes` double DEFAULT NULL,
  `message` double DEFAULT NULL,
  `size` double DEFAULT NULL,
  PRIMARY KEY (`id`)
) ENGINE=InnoDB DEFAULT CHARSET=latin1;

--
-- Dumping data for table `propriete`
--

INSERT INTO `propriete` (`id`, `stabilite`, `coupling`, `precisions`, `cohesion`, `tolerence`, `heritage`, `encapsulation`, `instabilite`, `abstraction`, `composition`, `modularite`, `consistence`, `dependence`, `complexite`, `specialisation`, `nbmethodes`, `sizemethodes`, `message`, `size`) VALUES
(11, 1, 1, 1, 1, 1, 1, 1, 1, 1, 1, 1, 1, 1, 1, 1, 1, 1, 1, 1),
(12, 1, 1, 1, 1, 1, 1, 1, 1, 1, 1, 1, 1, 1, 1, 1, 1, 1, 1, 1),
(13, 1, 1, 1, 1, 1, 1, 1, 1, 1, 1, 1, 1, 1, 1, 1, 1, 1, 1, 1),
(14, 1, 1, 1, 1, 1, 1, 1, 1, 1, 1, 1, 1, 1, 1, 1, 1, 1, 1, 1),
(15, 1, 1, 1, 1, 1, 1, 1, 1, 1, 1, 1, 1, 1, 1, 1, 1, 1, 1, 1),
(16, 1, 1, 1, 1, 1, 1, 1, 1, 1, 1, 1, 1, 1, 1, 1, 1, 1, 1, 1),
(17, 1, 1, 1, 1, 1, 1, 1, 1, 1, 1, 1, 1, 1, 1, 1, 1, 1, 1, 1),
(18, 1, 1, 1, 1, 1, 1, 1, 1, 1, 1, 1, 1, 1, 1, 1, 1, 1, 1, 1),
(19, 1, 1, 1, 1, 1, 1, 1, 1, 1, 1, 1, 1, 1, 1, 1, 1, 1, 1, 1),
(20, 1, 1, 1, 1, 1, 1, 1, 1, 1, 1, 1, 1, 1, 1, 1, 1, 1, 1, 1),
(21, 1, 1, 1, 1, 1, 1, 1, 1, 1, 1, 1, 1, 1, 1, 1, 1, 1, 1, 1),
(22, 1, 1, 1, 1, 1, 1, 1, 1, 1, 1, 1, 1, 1, 1, 1, 1, 1, 1, 1),
(23, 1, 1, 1, 1, 1, 1, 1, 1, 1, 1, 1, 1, 1, 1, 1, 1, 1, 1, 1),
(24, 1, 1, 1, 1, 1, 1, 1, 1, 1, 1, 1, 1, 1, 1, 1, 1, 1, 1, 1),
(25, 1, 1, 1, 1, 1, 1, 1, 1, 1, 1, 1, 1, 1, 1, 1, 1, 1, 1, 1),
(26, 1, 1, 1, 1, 1, 1, 1, 1, 1, 1, 1, 1, 1, 1, 1, 1, 1, 1, 1),
(27, 1, 1, 1, 1, 1, 1, 1, 1, 1, 1, 1, 1, 1, 1, 1, 1, 1, 1, 1),
(28, 1, 1, 1, 1, 1, 1, 1, 1, 1, 1, 1, 1, 1, 1, 1, 1, 1, 1, 1),
(29, 1, 1, 1, 1, 1, 1, 1, 1, 1, 1, 1, 1, 1, 1, 1, 1, 1, 1, 1),
(30, 1, 1, 1, 1, 1, 1, 1, 1, 1, 1, 1, 1, 1, 1, 1, 1, 1, 1, 1),
(31, 1, 1, 1, 1, 1, 1, 1, 1, 1, 1, 1, 1, 1, 1, 1, 1, 1, 1, 1),
(32, 1, 1, 1, 1, 1, 1, 1, 1, 1, 1, 1, 1, 1, 1, 1, 1, 1, 1, 1),
(33, 1, 1, 1, 1, 1, 1, 1, 1, 1, 1, 1, 1, 1, 1, 1, 1, 1, 1, 1),
(34, 1, 1, 1, 1, 1, 1, 1, 1, 1, 1, 1, 1, 1, 1, 1, 1, 1, 1, 1),
(35, 1, 1, 1, 1, 1, 1, 1, 1, 1, 1, 1, 1, 1, 1, 1, 1, 1, 1, 1),
(36, 1, 1, 1, 1, 1, 1, 1, 1, 1, 1, 1, 1, 1, 1, 1, 1, 1, 1, 1),
(37, 1, 1, 1, 1, 1, 1, 1, 1, 1, 1, 1, 1, 1, 1, 1, 1, 1, 1, 1),
(38, 1, 1, 1, 1, 1, 1, 1, 1, 1, 1, 1, 1, 1, 1, 1, 1, 1, 1, 1),
(39, 1, 1, 1, 1, 1, 1, 1, 1, 1, 1, 1, 1, 1, 1, 1, 1, 1, 1, 1),
(40, 1, 1, 1, 1, 1, 1, 1, 1, 1, 1, 1, 1, 1, 1, 1, 1, 1, 1, 1),
(41, 1, 1, 1, 1, 1, 1, 1, 1, 1, 1, 1, 1, 1, 1, 1, 1, 1, 1, 1),
(42, 1, 1, 1, 1, 1, 1, 1, 1, 1, 1, 1, 1, 1, 1, 1, 1, 1, 1, 1),
(43, 1, 1, 1, 1, 1, 1, 1, 1, 1, 1, 1, 1, 1, 1, 1, 1, 1, 1, 1),
(44, 1, 1, 1, 1, 1, 1, 1, 1, 1, 1, 1, 1, 1, 1, 1, 1, 1, 1, 1),
(45, 1, 1, 1, 1, 1, 1, 1, 1, 1, 1, 1, 1, 1, 1, 1, 1, 1, 1, 1),
(46, 1, 1, 1, 1, 1, 1, 1, 1, 1, 1, 1, 1, 1, 1, 1, 1, 1, 1, 1),
(47, 1, 1, 1, 1, 1, 1, 1, 1, 1, 1, 1, 1, 1, 1, 1, 1, 1, 1, 1),
(48, 1, 1, 1, 1, 1, 1, 1, 1, 1, 1, 1, 1, 1, 1, 1, 1, 1, 1, 1),
(49, 1, 1, 1, 1, 1, 1, 1, 1, 1, 1, 1, 1, 1, 1, 1, 1, 1, 1, 1),
(50, 1, 1, 1, 1, 1, 1, 1, 1, 1, 1, 1, 1, 1, 1, 1, 1, 1, 1, 1),
(51, 1, 1, 1, 1, 1, 1, 1, 1, 1, 1, 1, 1, 1, 1, 1, 1, 1, 1, 1),
(52, 1, 1, 1, 1, 1, 1, 1, 1, 1, 1, 1, 1, 1, 1, 1, 1, 1, 1, 1),
(53, 1, 1, 1, 1, 1, 1, 1, 1, 1, 1, 1, 1, 1, 1, 1, 1, 1, 1, 1),
(54, 1, 1, 1, 1, 1, 1, 1, 1, 1, 1, 1, 1, 1, 1, 1, 1, 1, 1, 1),
(55, 1, 1, 1, 1, 1, 1, 1, 1, 1, 1, 1, 1, 1, 1, 1, 1, 1, 1, 1),
(56, 1, 1, 1, 1, 1, 1, 1, 1, 1, 1, 1, 1, 1, 1, 1, 1, 1, 1, 1),
(57, 1, 1, 1, 1, 1, 1, 1, 1, 1, 1, 1, 1, 1, 1, 1, 1, 1, 1, 1),
(58, 1, 1, 1, 1, 1, 1, 1, 1, 1, 1, 1, 1, 1, 1, 1, 1, 1, 1, 1),
(59, 1, 1, 1, 1, 1, 1, 1, 1, 1, 1, 1, 1, 1, 1, 1, 1, 1, 1, 1),
(60, 1, 1, 1, 1, 1, 1, 1, 1, 1, 1, 1, 1, 1, 1, 1, 1, 1, 1, 1),
(61, 1, 1, 1, 1, 1, 1, 1, 1, 1, 1, 1, 1, 1, 1, 1, 1, 1, 1, 1),
(62, 1, 1, 1, 1, 1, 1, 1, 1, 1, 1, 1, 1, 1, 1, 1, 1, 1, 1, 1),
(63, 1, 1, 1, 1, 1, 1, 1, 1, 1, 1, 1, 1, 1, 1, 1, 1, 1, 1, 1),
(64, 1, 1, 1, 1, 1, 1, 1, 1, 1, 1, 1, 1, 1, 1, 1, 1, 1, 1, 1),
(65, 1, 1, 1, 1, 1, 1, 1, 1, 1, 1, 1, 1, 1, 1, 1, 1, 1, 1, 1),
(66, 1, 1, 1, 1, 1, 1, 1, 1, 1, 1, 1, 1, 1, 1, 1, 1, 1, 1, 1),
(67, 1, 1, 1, 1, 1, 1, 1, 1, 1, 1, 1, 1, 1, 1, 1, 1, 1, 1, 1),
(68, 1, 1, 1, 1, 1, 1, 1, 1, 1, 1, 1, 1, 1, 1, 1, 1, 1, 1, 1),
(69, 1, 1, 1, 1, 1, 1, 1, 1, 1, 1, 1, 1, 1, 1, 1, 1, 1, 1, 1),
(70, 1, 1, 1, 1, 1, 1, 1, 1, 1, 1, 1, 1, 1, 1, 1, 1, 1, 1, 1),
(71, 1, 1, 1, 1, 1, 1, 1, 1, 1, 1, 1, 1, 1, 1, 1, 1, 1, 1, 1),
(72, 1, 1, 1, 1, 1, 1, 1, 1, 1, 1, 1, 1, 1, 1, 1, 1, 1, 1, 1),
(73, 1, 1, 1, 1, 1, 1, 1, 1, 1, 1, 1, 1, 1, 1, 1, 1, 1, 1, 1),
(74, 1, 1, 1, 1, 1, 1, 1, 1, 1, 1, 1, 1, 1, 1, 1, 1, 1, 1, 1),
(75, 1, 1, 1, 1, 1, 1, 1, 1, 1, 1, 1, 1, 1, 1, 1, 1, 1, 1, 1),
(76, 1, 1, 1, 1, 1, 1, 1, 1, 1, 1, 1, 1, 1, 1, 1, 1, 1, 1, 1),
(77, 1, 1, 1, 1, 1, 1, 1, 1, 1, 1, 1, 1, 1, 1, 1, 1, 1, 1, 1),
(78, 1, 1, 1, 1, 1, 1, 1, 1, 1, 1, 1, 1, 1, 1, 1, 1, 1, 1, 1),
(79, 1, 1, 1, 1, 1, 1, 1, 1, 1, 1, 1, 1, 1, 1, 1, 1, 1, 1, 1),
(80, 1, 1, 1, 1, 1, 1, 1, 1, 1, 1, 1, 1, 1, 1, 1, 1, 1, 1, 1),
(81, 1, 1, 1, 1, 1, 1, 1, 1, 1, 1, 1, 1, 1, 1, 1, 1, 1, 1, 1),
(82, 1, 1, 1, 1, 1, 1, 1, 1, 1, 1, 1, 1, 1, 1, 1, 1, 1, 1, 1),
(83, 1, 1, 1, 1, 1, 1, 1, 1, 1, 1, 1, 1, 1, 1, 1, 1, 1, 1, 1),
(84, 1, 1, 1, 1, 1, 1, 1, 1, 1, 1, 1, 1, 1, 1, 1, 1, 1, 1, 1),
(85, 1, 1, 1, 1, 1, 1, 1, 1, 1, 1, 1, 1, 1, 1, 1, 1, 1, 1, 1),
(86, 1, 1, 1, 1, 1, 1, 1, 1, 1, 1, 1, 1, 1, 1, 1, 1, 1, 1, 1),
(87, 1, 1, 1, 1, 1, 1, 1, 1, 1, 1, 1, 1, 1, 1, 1, 1, 1, 1, 1),
(88, 1, 1, 1, 1, 1, 1, 1, 1, 1, 1, 1, 1, 1, 1, 1, 1, 1, 1, 1),
(89, 1, 1, 1, 1, 1, 1, 1, 1, 1, 1, 1, 1, 1, 1, 1, 1, 1, 1, 1),
(90, 1, 1, 1, 1, 1, 1, 1, 1, 1, 1, 1, 1, 1, 1, 1, 1, 1, 1, 1);

-- --------------------------------------------------------

--
-- Table structure for table `result`
--

CREATE TABLE IF NOT EXISTS `result` (
  `id` bigint(20) NOT NULL AUTO_INCREMENT,
  `LOC` double DEFAULT NULL,
  `AHF` double DEFAULT NULL,
  `idProjet` bigint(20) DEFAULT NULL,
  `cyclo` double NOT NULL,
  `dit` double NOT NULL DEFAULT '0',
  `ca` double NOT NULL DEFAULT '0',
  `ce` double DEFAULT '0',
  `NOC` double DEFAULT NULL,
  `CLOC` double DEFAULT NULL,
  `NOM` double NOT NULL DEFAULT '1',
  `POF` double DEFAULT NULL,
  `MHF` double DEFAULT '0',
  `MSF` double DEFAULT '0',
  `NPM` double DEFAULT NULL,
  `RFC` double DEFAULT NULL,
  `APF` double DEFAULT NULL,
  `abs` double NOT NULL,
  `MPC` double NOT NULL,
  `TCC` double NOT NULL,
  `MPF` double DEFAULT NULL,
  `date` datetime DEFAULT NULL,
  `I` double NOT NULL,
  `D` double NOT NULL,
  `NOI` double NOT NULL,
  `classes` double NOT NULL DEFAULT '1',
  PRIMARY KEY (`id`)
) ENGINE=InnoDB  DEFAULT CHARSET=latin1 AUTO_INCREMENT=431 ;

--
-- Dumping data for table `result`
--

INSERT INTO `result` (`id`, `LOC`, `AHF`, `idProjet`, `cyclo`, `dit`, `ca`, `ce`, `NOC`, `CLOC`, `NOM`, `POF`, `MHF`, `MSF`, `NPM`, `RFC`, `APF`, `abs`, `MPC`, `TCC`, `MPF`, `date`, `I`, `D`, `NOI`, `classes`) VALUES
(370, 950, 0.2865079365079365, 87, 12.625, 0, 0, 0, 0, 144, 27.625, 0, 0.1734126984126984, 0.26924603174603173, 0.5430555555555555, 0, 0, 0, 5, 0.2865079365079365, 0.24186507936507934, '2014-05-24 22:24:29', 0, -1, 0.875, 1),
(372, 950, 0.2865079365079365, 87, 12.625, 0, 0, 0, 0, 144, 27.625, 0, 0.1734126984126984, 0.26924603174603173, 0.5430555555555555, 0, 0, 0, 5, 0.2865079365079365, 0.24186507936507934, '2014-05-24 22:27:35', 0, -1, 0.875, 1),
(374, 950, 0.2865079365079365, 87, 12.625, 0, 0, 0, 0, 144, 27.625, 0, 0.1734126984126984, 0.26924603174603173, 0.5430555555555555, 0, 0, 0, 5, 0.2865079365079365, 0.24186507936507934, '2014-05-24 22:33:46', 0, -1, 0.875, 1),
(376, 950, 0.2865079365079365, 87, 12.625, 0, 0, 0, 0, 144, 27.625, 0, 0.1734126984126984, 0.26924603174603173, 0.5430555555555555, 0, 0, 0, 5, 0.2865079365079365, 0.24186507936507934, '2014-05-24 22:37:04', 0, -1, 0.875, 1),
(378, 950, 0.2865079365079365, 87, 12.625, 0, 0, 0, 0, 144, 27.625, 0, 0.1734126984126984, 0.26924603174603173, 0.5430555555555555, 0, 0, 0, 5, 0.2865079365079365, 0.24186507936507934, '2014-05-24 23:06:31', 0, -1, 0.875, 1),
(393, 950, 0.2865079365079365, 87, 12.625, 0, 0, 0, 0, 144, 27.625, 0, 0.1734126984126984, 0.26924603174603173, 0.5430555555555555, 0, 0, 0, 5, 0.2865079365079365, 0.24186507936507934, '2014-06-10 01:31:26', 0, -1, 0.875, 1),
(399, 950, 0.2865079365079365, 87, 12.625, 0, 0, 0, 0, 144, 27.625, 0, 0.1734126984126984, 0.26924603174603173, 0.5430555555555555, 0, 0, 0, 5, 0.2865079365079365, 0.24186507936507934, '2014-06-10 18:39:27', 0, -1, 0.875, 1),
(400, 66, 0, 89, 5.5, 0, 0, 0, 0.75, 0, 2.5, 0, 0, 1, 1, 0, 0, 0, 1, 0, 0, '2014-06-10 18:47:57', 0.375, -0.625, 0, 1),
(401, 77, 0, 89, 6.25, 0, 0, 0, 0.75, 0, 3.25, 0, 0, 0.875, 1, 0, 0, 0, 1.25, 0, 0, '2014-06-10 18:51:47', 0.375, -0.625, 0, 1),
(402, 77, 0, 89, 6.25, 0, 0, 0, 0.75, 0, 3.25, 0, 0, 0.875, 1, 0, 0, 0, 1.25, 0, 0, '2014-06-10 19:23:31', 0.375, -0.625, 0, 1),
(403, 77, 0, 89, 6.25, 0, 0, 0, 0.75, 0, 3.25, 0, 0, 0.875, 1, 0, 0, 0, 1.25, 0, 0, '2014-06-10 19:32:07', 0.375, -0.625, 0, 1),
(418, 85, 0.25, 89, 6.25, 0, 0, 0, 0.75, 0, 4.75, 0, 0.0625, 0.5714285714285714, 0.875, 0, 0, 0.25, 1.75, 0.25, 0.0625, '2014-06-13 20:59:00', 0.375, -0.375, 0, 1),
(419, 85, 0.25, 89, 6.25, 0, 0, 0, 0.75, 0, 4.75, 0, 0.1429, 0.5714, 0.7143, 0, 0, 0.25, 1.75, 0.25, 0.1429, '2014-06-13 21:09:36', 0.375, -0.375, 0, 1),
(422, 85, 1, 89, 8.25, 2.5, 0.75, 0.75, 0.75, 4, 7, 0, 0.1429, 0.5714, 0.7143, 0, 0, 0.25, 1.75, 0.16666666666666666, 0.1429, '2014-06-14 01:57:29', 0.375, -0.375, 0, 1),
(423, 85, 0.6666666666666666, 89, 8.25, 2.5, 0.75, 0.75, 0.75, 4, 7, 0, 0.1429, 0.5714, 0.7143, 0, 0, 0.25, 1.75, 0.16666666666666666, 0.1429, '2014-06-14 01:59:32', 0.375, -0.375, 0, 1),
(424, 85, 0.6667, 89, 8.25, 2.5, 0.75, 0.75, 0.75, 4, 7, 0, 0.1429, 0.5714, 0.7143, 0, 0, 0.25, 1.75, 0.16666666666666666, 0.1429, '2014-06-14 02:38:23', 0.375, -0.375, 0, 1),
(425, 380, 0.9167, 90, 4.8235, 1.1176, 0.5882, 1.4118, 0.11764705882352941, 333, 88, 0, 0.0114, 0.0114, 0.9886, 0, 0, 0.058823529411764705, 5.0588235294117645, 0.4117647058823529, 0, '2014-06-14 02:44:25', 0.5441, -0.3970588235294119, 4.529411764705882, 1),
(429, 88, 0.6667, 89, 8.25, 2.5, 0.75, 0.75, 0.75, 4, 7, 0, 0.1429, 0.7143, 0.7143, 10, 0, 0.25, 2.5, 0.16666666666666666, 0.1429, '2014-06-15 17:25:36', 0.375, -0.375, 0, 4),
(430, 88, 0.6667, 89, 8.25, 2.5, 0.75, 0.75, 0.75, 4, 7, 0, 0.1429, 0.7143, 0.7143, 10, 0, 0.25, 2.5, 0.16666666666666666, 0.1429, '2014-06-15 17:25:55', 0.375, -0.375, 0, 4);

-- --------------------------------------------------------

--
-- Table structure for table `stat`
--

CREATE TABLE IF NOT EXISTS `stat` (
  `id` bigint(20) NOT NULL AUTO_INCREMENT,
  `idProjet` bigint(20) DEFAULT NULL,
  `date` datetime DEFAULT NULL,
  `nbMPF` int(11) NOT NULL DEFAULT '0',
  `nbMHF` int(11) NOT NULL DEFAULT '0',
  `nbMSF` int(11) NOT NULL DEFAULT '0',
  `nbNPM` int(11) NOT NULL DEFAULT '0',
  `nbClasses` int(11) NOT NULL DEFAULT '0',
  `nbFiles` int(11) NOT NULL DEFAULT '0',
  `nbMethods` int(11) NOT NULL DEFAULT '0',
  `nbAtrributs` int(11) NOT NULL DEFAULT '0',
  PRIMARY KEY (`id`)
) ENGINE=InnoDB  DEFAULT CHARSET=utf8 AUTO_INCREMENT=244 ;

--
-- Dumping data for table `stat`
--

INSERT INTO `stat` (`id`, `idProjet`, `date`, `nbMPF`, `nbMHF`, `nbMSF`, `nbNPM`, `nbClasses`, `nbFiles`, `nbMethods`, `nbAtrributs`) VALUES
(184, 87, '2014-05-24 22:24:29', 17, 14, 15, 25, 12, 8, 57, 38),
(186, 87, '2014-05-24 22:27:35', 17, 14, 15, 25, 12, 8, 57, 38),
(188, 87, '2014-05-24 22:33:46', 17, 14, 15, 25, 12, 8, 57, 38),
(190, 87, '2014-05-24 22:37:04', 17, 14, 15, 25, 12, 8, 57, 38),
(192, 87, '2014-05-24 23:06:31', 17, 14, 15, 25, 12, 8, 57, 38),
(205, NULL, '2014-06-10 01:27:38', 17, 14, 15, 25, 12, 8, 57, 38),
(206, 87, '2014-06-10 01:27:38', 17, 14, 15, 25, 12, 8, 57, 38),
(207, 87, '2014-06-10 01:31:26', 17, 14, 15, 25, 12, 8, 57, 38),
(208, 87, '2014-06-10 13:50:13', 17, 14, 15, 25, 12, 8, 57, 38),
(209, 87, '2014-06-10 13:57:59', 17, 14, 15, 25, 12, 8, 57, 38),
(210, 87, '2014-06-10 14:07:54', 17, 14, 15, 25, 12, 8, 57, 38),
(211, 87, '2014-06-10 14:13:49', 17, 14, 15, 25, 12, 8, 57, 38),
(212, 87, '2014-06-10 14:23:05', 17, 14, 15, 25, 12, 8, 57, 38),
(213, 87, '2014-06-10 18:39:27', 17, 14, 15, 25, 12, 8, 57, 38),
(214, 89, '2014-06-10 18:47:57', 0, 0, 4, 4, 4, 4, 4, 0),
(215, 89, '2014-06-10 18:51:47', 0, 0, 4, 5, 4, 4, 5, 0),
(216, 89, '2014-06-10 19:23:31', 0, 0, 4, 5, 4, 4, 5, 0),
(217, 89, '2014-06-10 19:32:07', 0, 0, 4, 5, 4, 4, 5, 0),
(218, 89, '2014-06-11 01:08:10', 0, 0, 4, 5, 4, 4, 5, 0),
(219, 89, '2014-06-11 01:26:36', 0, 0, 4, 5, 4, 4, 5, 0),
(220, 89, '2014-06-11 01:28:24', 0, 0, 4, 5, 4, 4, 5, 0),
(221, 89, '2014-06-11 03:02:39', 0, 0, 4, 5, 4, 4, 5, 0),
(222, 89, '2014-06-11 03:37:19', 0, 0, 4, 5, 4, 4, 5, 0),
(223, 89, '2014-06-11 05:16:50', 0, 0, 4, 5, 4, 4, 5, 2),
(224, 89, '2014-06-11 05:17:00', 0, 0, 4, 5, 4, 4, 5, 2),
(225, 89, '2014-06-11 17:02:34', 0, 0, 4, 5, 4, 4, 5, 2),
(226, 89, '2014-06-13 20:21:30', 0, 0, 4, 5, 4, 4, 5, 2),
(227, 89, '2014-06-13 20:31:27', 0, 0, 4, 5, 4, 4, 5, 2),
(228, 89, '2014-06-13 20:34:39', 0, 0, 4, 5, 4, 4, 5, 2),
(229, 89, '2014-06-13 20:38:02', 0, 0, 4, 5, 4, 4, 5, 2),
(230, 89, '2014-06-13 20:43:11', 0, 0, 4, 5, 4, 4, 5, 2),
(231, 89, '2014-06-13 20:46:30', 0, 0, 4, 5, 4, 4, 5, 2),
(232, 89, '2014-06-13 20:59:00', 1, 1, 4, 5, 4, 4, 7, 2),
(233, 89, '2014-06-13 21:09:36', 1, 1, 4, 5, 4, 4, 7, 2),
(234, 89, '2014-06-13 21:17:01', 1, 1, 4, 5, 4, 4, 7, 2),
(235, 89, '2014-06-14 01:14:57', 1, 1, 4, 5, 4, 4, 7, 2),
(236, 89, '2014-06-14 01:57:29', 1, 1, 4, 5, 4, 4, 7, 3),
(237, 89, '2014-06-14 01:59:32', 1, 1, 4, 5, 4, 4, 7, 3),
(238, 89, '2014-06-14 02:38:23', 1, 1, 4, 5, 4, 4, 7, 3),
(239, 90, '2014-06-14 02:44:25', 0, 1, 1, 87, 17, 17, 88, 24),
(240, 89, '2014-06-14 21:04:59', 1, 1, 5, 5, 4, 4, 7, 3),
(241, 89, '2014-06-14 21:28:00', 1, 1, 5, 5, 4, 4, 7, 3),
(242, 89, '2014-06-15 17:23:42', 1, 1, 5, 5, 4, 4, 7, 3),
(243, 89, '2014-06-15 17:25:36', 1, 1, 5, 5, 4, 4, 7, 3);

-- --------------------------------------------------------

--
-- Table structure for table `subcarac`
--

CREATE TABLE IF NOT EXISTS `subcarac` (
  `Id` bigint(20) NOT NULL,
  `Utilisation_Ressource` double DEFAULT NULL,
  `Availability` double DEFAULT NULL,
  `Reusability` double DEFAULT NULL,
  `Analyse` double DEFAULT NULL,
  `Stabilite` double DEFAULT NULL,
  `Adbtabilite` double DEFAULT NULL,
  `Interoperabilite` double DEFAULT NULL,
  `FausseTolerance` double DEFAULT NULL,
  `Recoverabilite` double DEFAULT NULL,
  `Learnabilite` double DEFAULT NULL,
  `Attractivite` double DEFAULT NULL,
  `Comportement_time` double DEFAULT NULL,
  `Changeability` double DEFAULT NULL,
  `testabilite` double DEFAULT NULL,
  `Instabilite` double DEFAULT NULL, 
  `Portability` double DEFAULT NULL,
  `Remplaabilite` double DEFAULT NULL,
  `F_Accuracy` double DEFAULT NULL,
  `F_apropriatness` double DEFAULT NULL,
  `Coexistance` double DEFAULT NULL,
  `Confidentialite` double DEFAULT NULL,
  `Integrite` double DEFAULT NULL,
  `Non_repudiation` double DEFAULT NULL,
  `Accountabilite` double DEFAULT NULL,
  `Authenticite` double DEFAULT NULL,
  `Opera_Appropriatness` double DEFAULT NULL,
  `EaseToUse` double DEFAULT NULL,
  `TechnicalAccessibility` double DEFAULT NULL,
  `Helpfulness` double DEFAULT NULL,
  `Modularite` double DEFAULT NULL,
    `Robustness` double DEFAULT NULL,
  `Immunity` double DEFAULT NULL,
  `Survivability` double DEFAULT NULL,
  PRIMARY KEY (`Id`)
) ENGINE=InnoDB DEFAULT CHARSET=latin1;


--
-- Dumping data for table `subcarac`
--

INSERT INTO `subcarac` (  `Id`,
  `Utilisation_Ressource`,
  `Availability` ,
  `Reusability` ,
  `Analyse` ,
  `Stabilite` ,
  `Adbtabilite`,
  `Interoperabilite`,
  `FausseTolerance` ,
  `Recoverabilite` ,
  `Learnabilite` ,
  `Attractivite` ,
  `Comportement_time`,
  `Changeability`,
  `testabilite` ,
  `Instabilite` , 
  `Portability` ,
  `Remplaabilite`,
  `F_Accuracy` ,
  `F_apropriatness` ,
  `Coexistance` ,
  `Confidentialite` ,
  `Integrite`,
  `Non_repudiation` ,
  `Accountabilite` ,
  `Authenticite` ,
  `Opera_Appropriatness` ,
  `EaseToUse` ,
  `TechnicalAccessibility`,
  `Helpfulness` ,
  `Modularite` ,
    `Robustness` ,
  `Immunity` ,
  `Survivability` ) VALUES
(1, 1, 1, 1, 1, 1, 1, 1, 1, 1, 1, 1, 1, 1, 1, 1, 1, 1, 1, 1, 1, 1,1,1,1,1,1,1,1,1,1,1,1,1),
(2, 1, 1, 1, 1, 1, 1, 1, 1, 1, 1, 1, 1, 1, 1, 1, 1, 1, 1, 1, 1, 1,1,1,1,1,1,1,1,1,1,1,1,1),
(3, 1, 1, 1, 1, 1, 1, 1, 1, 1, 1, 1, 1, 1, 1, 1, 1, 1, 1, 1, 1, 1,1,1,1,1,1,1,1,1,1,1,1,1),
(4, 1, 1, 1, 1, 1, 1, 1, 1, 1, 1, 1, 1, 1, 1, 1, 1, 1, 1, 1, 1, 2,1,1,1,1,1,1,1,1,1,1,1,1),
(5, 1, 1, 1, 1, 1, 1, 1, 1, 1, 1, 1, 1, 1, 1, 1, 1, 1, 1, 1, 1, 1,1,1,1,1,1,1,1,1,1,1,1,1),
(6, 1, 1, 1, 1, 1, 1, 1, 1, 1, 1, 1, 1, 1, 1, 1, 1, 1, 1, 1, 1, 1,1,1,1,1,1,1,1,1,1,1,1,1),
(7, 1, 1, 1, 1, 1, 1, 1, 1, 1, 1, 1, 1, 1, 1, 1, 1, 1, 1, 1, 1, 1,1,1,1,1,1,1,1,1,1,1,1,1),
(8, 1, 1, 1, 1, 1, 1, 1, 1, 1, 1, 1, 1, 1, 1, 1, 1, 1, 1, 1, 1, 1,1,1,1,1,1,1,1,1,1,1,1,1),
(9, 1, 1, 1, 1, 1, 1, 1, 1, 1, 1, 1, 1, 1, 1, 1, 1, 1, 1, 1, 1, 1,1,1,1,1,1,1,1,1,1,1,1,1),
(10, 1, 1, 1, 1, 1, 1, 1, 1, 1, 1, 1, 1, 1, 1, 1, 1, 1, 1, 1, 1, 1,1,1,1,1,1,1,1,1,1,1,1,1),
(11, 1, 1, 1, 1, 1, 1, 1, 1, 1, 1, 1, 1, 1, 1, 1, 1, 1, 1, 1, 1, 1,1,1,1,1,1,1,1,1,1,1,1,1),
(12, 1, 1, 1, 1, 1, 1, 1, 1, 1, 1, 1, 1, 1, 1, 1, 1, 1, 1, 1, 1, 1,1,1,1,1,1,1,1,1,1,1,1,1),
(13, 1, 1, 1, 1, 1, 1, 1, 1, 1, 1, 1, 1, 1, 1, 1, 1, 1, 1, 1, 1, 1,1,1,1,1,1,1,1,1,1,1,1,1),
(14, 1, 1, 1, 1, 1, 1, 1, 1, 1, 1, 1, 1, 1, 1, 1, 1, 1, 1, 1, 1, 1,1,1,1,1,1,1,1,1,1,1,1,1),
(15, 1, 1, 1, 1, 1, 1, 1, 1, 1, 1, 1, 1, 1, 1, 1, 1, 1, 1, 1, 1, 1,1,1,1,1,1,1,1,1,1,1,1,1),
(16, 1, 1, 1, 1, 1, 1, 1, 1, 1, 1, 1, 1, 1, 1, 1, 1, 1, 1, 1, 1, 1,1,1,1,1,1,1,1,1,1,1,1,1),
(17, 1, 1, 1, 1, 1, 1, 1, 1, 1, 1, 1, 1, 1, 1, 1, 1, 1, 1, 1, 1, 1,1,1,1,1,1,1,1,1,1,1,1,1),
(18, 1, 1, 1, 1, 1, 1, 1, 1, 1, 1, 1, 1, 1, 1, 1, 1, 1, 1, 1, 1, 1,1,1,1,1,1,1,1,1,1,1,1,1),
(19, 1, 1, 1, 1, 1, 1, 1, 1, 1, 1, 1, 1, 1, 1, 1, 1, 1, 1, 1, 1, 1,1,1,1,1,1,1,1,1,1,1,1,1),
(20, 1, 1, 1, 1, 1, 1, 1, 1, 1, 1, 1, 1, 1, 1, 1, 1, 1, 1, 1, 1, 1,1,1,1,1,1,1,1,1,1,1,1,1),
(21, 1, 1, 1, 1, 1, 1, 1, 1, 1, 1, 1, 1, 1, 1, 1, 1, 1, 1, 1, 1, 1,1,1,1,1,1,1,1,1,1,1,1,1),
(22, 1, 1, 1, 1, 1, 1, 1, 1, 1, 1, 1, 1, 1, 1, 1, 1, 1, 1, 1, 1, 1,1,1,1,1,1,1,1,1,1,1,1,1),
(23, 1, 1, 1, 1, 1, 1, 1, 1, 1, 1, 1, 1, 1, 1, 1, 1, 1, 1, 1, 1, 1,1,1,1,1,1,1,1,1,1,1,1,1),
(24, 1, 1, 1, 1, 1, 1, 1, 1, 1, 1, 1, 1, 1, 1, 1, 1, 1, 1, 1, 1, 1,1,1,1,1,1,1,1,1,1,1,1,1),
(25, 1, 1, 1, 1, 1, 1, 1, 1, 1, 1, 1, 1, 1, 1, 1, 1, 1, 1, 1, 1, 1,1,1,1,1,1,1,1,1,1,1,1,1),
(26, 1, 1, 1, 1, 1, 1, 1, 1, 1, 1, 1, 1, 1, 1, 1, 1, 1, 1, 1, 1, 1,1,1,1,1,1,1,1,1,1,1,1,1),
(27, 1, 1, 1, 1, 1, 1, 1, 1, 1, 1, 1, 1, 1, 1, 1, 1, 1, 1, 1, 1, 1,1,1,1,1,1,1,1,1,1,1,1,1),
(28, 1, 1, 1, 1, 1, 1, 1, 1, 1, 1, 1, 1, 1, 1, 1, 1, 1, 1, 1, 1, 1,1,1,1,1,1,1,1,1,1,1,1,1),
(29, 1, 1, 1, 1, 1, 1, 1, 1, 1, 1, 1, 1, 1, 1, 1, 1, 1, 1, 1, 1, 1,1,1,1,1,1,1,1,1,1,1,1,1),
(30, 1, 1, 1, 1, 1, 1, 1, 1, 1, 1, 1, 1, 1, 1, 1, 1, 1, 1, 1, 1, 1,1,1,1,1,1,1,1,1,1,1,1,1),
(31, 1, 1, 1, 1, 1, 1, 1, 1, 1, 1, 1, 1, 1, 1, 1, 1, 1, 1, 1, 1, 1,1,1,1,1,1,1,1,1,1,1,1,1),
(32, 1, 1, 1, 1, 1, 1, 1, 1, 1, 1, 1, 1, 1, 1, 1, 1, 1, 1, 1, 1, 1,1,1,1,1,1,1,1,1,1,1,1,1),
(33, 1, 1, 1, 1, 1, 1, 1, 1, 1, 1, 1, 1, 1, 1, 1, 1, 1, 1, 1, 1, 1,1,1,1,1,1,1,1,1,1,1,1,1),
(34, 1, 1, 1, 1, 1, 1, 1, 1, 1, 1, 1, 1, 1, 1, 1, 1, 1, 1, 1, 1, 1,1,1,1,1,1,1,1,1,1,1,1,1),
(35, 1, 1, 1, 1, 1, 1, 1, 1, 1, 1, 1, 1, 1, 1, 1, 1, 1, 1, 1, 1, 1,1,1,1,1,1,1,1,1,1,1,1,1),
(36, 1, 1, 1, 1, 1, 1, 1, 1, 1, 1, 1, 1, 1, 1, 1, 1, 1, 1, 1, 1, 1,1,1,1,1,1,1,1,1,1,1,1,1),
(37, 1, 1, 1, 1, 1, 1, 1, 1, 1, 1, 1, 1, 1, 1, 1, 1, 1, 1, 1, 1, 1,1,1,1,1,1,1,1,1,1,1,1,1),
(38, 1, 1, 1, 1, 1, 1, 1, 1, 1, 1, 1, 1, 1, 1, 1, 1, 1, 1, 1, 1, 1,1,1,1,1,1,1,1,1,1,1,1,1),
(39, 1, 1, 1, 1, 1, 1, 1, 1, 1, 1, 1, 1, 1, 1, 1, 1, 1, 1, 1, 1, 1,1,1,1,1,1,1,1,1,1,1,1,1),
(40, 1, 1, 1, 1, 1, 1, 1, 1, 1, 1, 1, 1, 1, 1, 1, 1, 1, 1, 1, 1, 1,1,1,1,1,1,1,1,1,1,1,1,1),
(41, 1, 1, 1, 1, 1, 1, 1, 1, 1, 1, 1, 1, 1, 1, 1, 1, 1, 1, 1, 1, 1,1,1,1,1,1,1,1,1,1,1,1,1),
(42, 1, 1, 1, 1, 1, 1, 1, 1, 1, 1, 1, 1, 1, 1, 1, 1, 1, 1, 1, 1, 1,1,1,1,1,1,1,1,1,1,1,1,1),
(43, 1, 1, 1, 1, 1, 1, 1, 1, 1, 1, 1, 1, 1, 1, 1, 1, 1, 1, 1, 1, 1,1,1,1,1,1,1,1,1,1,1,1,1),
(44, 1, 1, 1, 1, 1, 1, 1, 1, 1, 1, 1, 1, 1, 1, 1, 1, 1, 1, 1, 1, 1,1,1,1,1,1,1,1,1,1,1,1,1),
(45, 1, 1, 1, 1, 1, 1, 1, 1, 1, 1, 1, 1, 1, 1, 1, 1, 1, 1, 1, 1, 1,1,1,1,1,1,1,1,1,1,1,1,1),
(46, 1, 1, 1, 1, 1, 1, 1, 1, 1, 1, 1, 1, 1, 1, 1, 1, 1, 1, 1, 1, 1,1,1,1,1,1,1,1,1,1,1,1,1),
(47, 1, 1, 1, 1, 1, 1, 1, 1, 1, 1, 1, 1, 1, 1, 1, 1, 1, 1, 1, 1, 1,1,1,1,1,1,1,1,1,1,1,1,1),
(48, 1, 1, 1, 1, 1, 1, 1, 1, 1, 1, 1, 1, 1, 1, 1, 1, 1, 1, 1, 1, 1,1,1,1,1,1,1,1,1,1,1,1,1),
(49, 1, 1, 1, 1, 1, 1, 1, 1, 1, 1, 1, 1, 1, 1, 1, 1, 1, 1, 1, 1, 1,1,1,1,1,1,1,1,1,1,1,1,1),
(50, 1, 1, 1, 1, 1, 1, 1, 1, 1, 1, 1, 1, 1, 1, 1, 1, 1, 1, 1, 1, 1,1,1,1,1,1,1,1,1,1,1,1,1),
(51, 1, 1, 1, 1, 1, 1, 1, 1, 1, 1, 1, 1, 1, 1, 1, 1, 1, 1, 1, 1, 1,1,1,1,1,1,1,1,1,1,1,1,1),
(52, 1, 1, 1, 1, 1, 1, 1, 1, 1, 1, 1, 1, 1, 1, 1, 1, 1, 1, 1, 1, 1,1,1,1,1,1,1,1,1,1,1,1,1),
(53, 1, 1, 1, 1, 1, 1, 1, 1, 1, 1, 1, 1, 1, 1, 1, 1, 1, 1, 1, 1, 1,1,1,1,1,1,1,1,1,1,1,1,1),
(54, 1, 1, 1, 1, 1, 1, 1, 1, 1, 1, 1, 1, 1, 1, 1, 1, 1, 1, 1, 1, 1,1,1,1,1,1,1,1,1,1,1,1,1),
(55, 1, 1, 1, 1, 1, 1, 1, 1, 1, 1, 1, 1, 1, 1, 1, 1, 1, 1, 1, 1, 1,1,1,1,1,1,1,1,1,1,1,1,1),
(56, 1, 1, 1, 1, 1, 1, 1, 1, 1, 1, 1, 1, 1, 1, 1, 1, 1, 1, 1, 1, 1,1,1,1,1,1,1,1,1,1,1,1,1),
(57, 1, 1, 1, 1, 1, 1, 1, 1, 1, 1, 1, 1, 1, 1, 1, 1, 1, 1, 1, 1, 1,1,1,1,1,1,1,1,1,1,1,1,1),
(58, 1, 1, 1, 1, 1, 1, 1, 1, 1, 1, 1, 1, 1, 1, 1, 1, 1, 1, 1, 1, 1,1,1,1,1,1,1,1,1,1,1,1,1),
(59, 1, 1, 1, 1, 1, 1, 1, 1, 1, 1, 1, 1, 1, 1, 1, 1, 1, 1, 1, 1, 1,1,1,1,1,1,1,1,1,1,1,1,1),
(60, 1, 1, 1, 1, 1, 1, 1, 1, 1, 1, 1, 1, 1, 1, 1, 1, 1, 1, 1, 1, 1,1,1,1,1,1,1,1,1,1,1,1,1),
(61, 1, 1, 1, 1, 1, 1, 1, 1, 1, 1, 1, 1, 1, 1, 1, 1, 1, 1, 1, 1, 1,1,1,1,1,1,1,1,1,1,1,1,1),
(62, 1, 1, 1, 1, 1, 1, 1, 1, 1, 1, 1, 1, 1, 1, 1, 1, 1, 1, 1, 1, 1,1,1,1,1,1,1,1,1,1,1,1,1),
(63, 1, 1, 1, 1, 1, 1, 1, 1, 1, 1, 1, 1, 1, 1, 1, 1, 1, 1, 1, 1, 1,1,1,1,1,1,1,1,1,1,1,1,1),
(64, 1, 1, 1, 1, 1, 1, 1, 1, 1, 1, 1, 1, 1, 1, 1, 1, 1, 1, 1, 1, 1,1,1,1,1,1,1,1,1,1,1,1,1),
(65, 1, 1, 1, 1, 1, 1, 1, 1, 1, 1, 1, 1, 1, 1, 1, 1, 1, 1, 1, 1, 1,1,1,1,1,1,1,1,1,1,1,1,1),
(66, 1, 1, 1, 1, 1, 1, 1, 1, 1, 1, 1, 1, 1, 1, 1, 1, 1, 1, 1, 1, 1,1,1,1,1,1,1,1,1,1,1,1,1),
(67, 1, 1, 1, 1, 1, 1, 1, 1, 1, 1, 1, 1, 1, 1, 1, 1, 1, 1, 1, 1, 1,1,1,1,1,1,1,1,1,1,1,1,1),
(68, 1, 1, 1, 1, 1, 1, 1, 1, 1, 1, 1, 1, 1, 1, 1, 1, 1, 1, 1, 1, 1,1,1,1,1,1,1,1,1,1,1,1,1),
(69, 1, 1, 1, 1, 1, 1, 1, 1, 1, 1, 1, 1, 1, 1, 1, 1, 1, 1, 1, 1, 1,1,1,1,1,1,1,1,1,1,1,1,1),
(70, 1, 1, 1, 1, 1, 1, 1, 1, 1, 1, 1, 1, 1, 1, 1, 1, 1, 1, 1, 1, 1,1,1,1,1,1,1,1,1,1,1,1,1),
(71, 1, 1, 1, 1, 1, 1, 1, 1, 1, 1, 1, 1, 1, 1, 1, 1, 1, 1, 1, 1, 1,1,1,1,1,1,1,1,1,1,1,1,1),
(72, 1, 1, 1, 1, 1, 1, 1, 1, 1, 1, 1, 1, 1, 1, 1, 1, 1, 1, 1, 1, 1,1,1,1,1,1,1,1,1,1,1,1,1),
(73, 1, 1, 1, 1, 1, 1, 1, 1, 1, 1, 1, 1, 1, 1, 1, 1, 1, 1, 1, 1, 1,1,1,1,1,1,1,1,1,1,1,1,1),
(74, 1, 1, 1, 1, 1, 1, 1, 1, 1, 1, 1, 1, 1, 1, 1, 1, 1, 1, 1, 1, 1,1,1,1,1,1,1,1,1,1,1,1,1),
(75, 1, 1, 1, 1, 1, 1, 1, 1, 1, 1, 1, 1, 1, 1, 1, 1, 1, 1, 1, 1, 1,1,1,1,1,1,1,1,1,1,1,1,1),
(76, 1, 1, 1, 1, 1, 1, 1, 1, 1, 1, 1, 1, 1, 1, 1, 1, 1, 1, 1, 1, 1,1,1,1,1,1,1,1,1,1,1,1,1),
(77, 1, 1, 1, 1, 1, 1, 1, 1, 1, 1, 1, 1, 1, 1, 1, 1, 1, 1, 1, 1, 1,1,1,1,1,1,1,1,1,1,1,1,1),
(78, 1, 1, 1, 1, 1, 1, 1, 1, 1, 1, 1, 1, 1, 1, 1, 1, 1, 1, 1, 1, 1,1,1,1,1,1,1,1,1,1,1,1,1),
(79, 1, 1, 1, 1, 1, 1, 1, 1, 1, 1, 1, 1, 1, 1, 1, 1, 1, 1, 1, 1, 1,1,1,1,1,1,1,1,1,1,1,1,1),
(80, 1, 1, 1, 1, 1, 1, 1, 1, 1, 1, 1, 1, 1, 1, 1, 1, 1, 1, 1, 1, 1,1,1,1,1,1,1,1,1,1,1,1,1),
(81, 1, 1, 1, 1, 1, 1, 1, 1, 1, 1, 1, 1, 1, 1, 1, 1, 1, 1, 1, 1, 1,1,1,1,1,1,1,1,1,1,1,1,1),
(82, 1, 1, 1, 1, 1, 1, 1, 1, 1, 1, 1, 1, 1, 1, 1, 1, 1, 1, 1, 1, 1,1,1,1,1,1,1,1,1,1,1,1,1),
(83, 1, 1, 1, 1, 1, 1, 1, 1, 1, 1, 1, 1, 1, 1, 1, 1, 1, 1, 1, 1, 1,1,1,1,1,1,1,1,1,1,1,1,1),
(84, 1, 1, 1, 1, 1, 1, 1, 1, 1, 1, 1, 1, 1, 1, 1, 1, 1, 1, 1, 1, 1,1,1,1,1,1,1,1,1,1,1,1,1),
(85, 1, 1, 1, 1, 1, 1, 1, 1, 1, 1, 1, 1, 1, 1, 1, 1, 1, 1, 1, 1, 1,1,1,1,1,1,1,1,1,1,1,1,1),
(86, 1, 1, 1, 1, 1, 1, 1, 1, 1, 1, 1, 1, 1, 1, 1, 1, 1, 1, 1, 1, 1,1,1,1,1,1,1,1,1,1,1,1,1),
(87, 1, 1, 1, 1, 1, 1, 1, 1, 1, 1, 1, 1, 1, 1, 1, 1, 1, 1, 1, 1, 1,1,1,1,1,1,1,1,1,1,1,1,1),
(88, 1, 1, 1, 1, 1, 1, 1, 1, 1, 1, 1, 1, 1, 1, 1, 1, 1, 1, 1, 1, 1,1,1,1,1,1,1,1,1,1,1,1,1),
(89, 1, 1, 1, 1, 1, 1, 1, 1, 1, 1, 1, 1, 1, 1, 1, 1, 1, 1, 1, 1, 1,1,1,1,1,1,1,1,1,1,1,1,1),
(90, 1, 1, 1, 1, 1, 1, 1, 1, 1, 1, 1, 1, 1, 1, 1, 1, 1, 1, 1, 1, 1,1,1,1,1,1,1,1,1,1,1,1,1);

-- --------------------------------------------------------

--
-- Table structure for table `utilisateurs`
--

CREATE TABLE IF NOT EXISTS `utilisateurs` (
  `id` bigint(20) NOT NULL AUTO_INCREMENT,
  `nom` varchar(255) DEFAULT NULL,
  `prenom` varchar(255) DEFAULT NULL,
  `userPassword` varchar(255) DEFAULT NULL,
  `created` date DEFAULT NULL,
  `statut` varchar(255) DEFAULT NULL,
  `userLogin` varchar(255) DEFAULT NULL,
  `telephone` varchar(255) DEFAULT NULL,
  `email` varchar(255) DEFAULT NULL,
  PRIMARY KEY (`id`)
) ENGINE=InnoDB  DEFAULT CHARSET=latin1 AUTO_INCREMENT=2 ;

--
-- Dumping data for table `utilisateurs`
--

INSERT INTO `utilisateurs` (`id`, `nom`, `prenom`, `userPassword`, `created`, `statut`, `userLogin`, `telephone`, `email`) VALUES
(1, 'test', 'test', '123456', NULL, 'Chef de projet', 'test', '098765678', 'bla@bla.bla');

/*!40101 SET CHARACTER_SET_CLIENT=@OLD_CHARACTER_SET_CLIENT */;
/*!40101 SET CHARACTER_SET_RESULTS=@OLD_CHARACTER_SET_RESULTS */;
/*!40101 SET COLLATION_CONNECTION=@OLD_COLLATION_CONNECTION */;
